user_id,username,location,age,gender,account_creation_date,followers_count,following_count,post_id,post_date,content_type,post_type,carousel_items,hashtags,likes,comments,shares,engagement_id,engaging_user_id,engagement_type,engagement_date,comment_text
70,phillipsoto,Powelltown,50,Other,2023-07-27,1194,4858,1,2024-09-29 01:13:20,Text,Carousel,10.0,#fitness,911,92,23,1,59,Comment,2024-11-12 16:24:45,
70,phillipsoto,Powelltown,50,Other,2023-07-27,1194,4858,1,2024-09-29 01:13:20,Text,Carousel,10.0,#fitness,911,92,23,2,74,Share,2024-11-15 20:49:13,
70,phillipsoto,Powelltown,50,Other,2023-07-27,1194,4858,1,2024-09-29 01:13:20,Text,Carousel,10.0,#fitness,911,92,23,3,80,Like,2024-10-22 22:55:58,
70,phillipsoto,Powelltown,50,Other,2023-07-27,1194,4858,1,2024-09-29 01:13:20,Text,Carousel,10.0,#fitness,911,92,23,4,33,Like,2024-11-18 00:05:51,
70,phillipsoto,Powelltown,50,Other,2023-07-27,1194,4858,1,2024-09-29 01:13:20,Text,Carousel,10.0,#fitness,911,92,23,5,20,Like,2024-11-21 10:32:10,
46,robbinsrichard,Jamieside,60,Female,2022-12-22,2766,987,6,2024-06-06 04:15:09,Video,Personal,,#travel,691,176,146,6,76,Comment,2024-09-08 05:54:41,Despite training view task side despite nation player.
46,robbinsrichard,Jamieside,60,Female,2022-12-22,2766,987,6,2024-06-06 04:15:09,Video,Personal,,#travel,691,176,146,7,80,Like,2024-06-30 02:27:12,
46,robbinsrichard,Jamieside,60,Female,2022-12-22,2766,987,6,2024-06-06 04:15:09,Video,Personal,,#travel,691,176,146,8,24,Comment,2024-11-06 13:10:22,
46,robbinsrichard,Jamieside,60,Female,2022-12-22,2766,987,6,2024-06-06 04:15:09,Video,Personal,,#travel,691,176,146,9,76,Comment,2024-12-17 16:29:35,
46,robbinsrichard,Jamieside,60,Female,2022-12-22,2766,987,6,2024-06-06 04:15:09,Video,Personal,,#travel,691,176,146,10,14,Share,2024-07-01 13:10:06,
54,jeremy04,West Jessehaven,38,Female,2023-12-01,5143,501,11,2024-02-13 23:15:19,Image,Informational,,#food,172,382,73,11,85,Comment,2024-08-08 04:40:50,
54,jeremy04,West Jessehaven,38,Female,2023-12-01,5143,501,11,2024-02-13 23:15:19,Image,Informational,,#food,172,382,73,12,52,Like,2024-09-14 02:44:32,
54,jeremy04,West Jessehaven,38,Female,2023-12-01,5143,501,11,2024-02-13 23:15:19,Image,Informational,,#food,172,382,73,13,41,Comment,2024-08-05 16:34:29,Morning writer toward cell upon member.
54,jeremy04,West Jessehaven,38,Female,2023-12-01,5143,501,11,2024-02-13 23:15:19,Image,Informational,,#food,172,382,73,14,93,Comment,2024-05-09 06:00:04,Box back receive nature kind policy any.
54,jeremy04,West Jessehaven,38,Female,2023-12-01,5143,501,11,2024-02-13 23:15:19,Image,Informational,,#food,172,382,73,15,71,Share,2024-12-29 14:54:39,
84,krystalsmith,North Michael,27,Other,2020-02-04,1231,3894,16,2024-01-12 20:51:12,Video,Carousel,6.0,"#food, #tech, #fashion",246,338,27,16,90,Like,2024-04-19 21:08:56,
84,krystalsmith,North Michael,27,Other,2020-02-04,1231,3894,16,2024-01-12 20:51:12,Video,Carousel,6.0,"#food, #tech, #fashion",246,338,27,17,38,Like,2024-07-12 11:02:48,
84,krystalsmith,North Michael,27,Other,2020-02-04,1231,3894,16,2024-01-12 20:51:12,Video,Carousel,6.0,"#food, #tech, #fashion",246,338,27,18,98,Share,2024-06-08 16:51:13,
84,krystalsmith,North Michael,27,Other,2020-02-04,1231,3894,16,2024-01-12 20:51:12,Video,Carousel,6.0,"#food, #tech, #fashion",246,338,27,19,59,Like,2024-04-05 09:37:28,
84,krystalsmith,North Michael,27,Other,2020-02-04,1231,3894,16,2024-01-12 20:51:12,Video,Carousel,6.0,"#food, #tech, #fashion",246,338,27,20,88,Like,2024-06-18 06:02:02,
10,jennifer81,Obrienbury,59,Male,2021-09-18,8083,105,21,2024-08-07 13:45:43,Text,Personal,,"#food, #fitness, #fashion",999,483,47,21,81,Like,2024-09-29 18:14:33,Present adult himself past very.
10,jennifer81,Obrienbury,59,Male,2021-09-18,8083,105,21,2024-08-07 13:45:43,Text,Personal,,"#food, #fitness, #fashion",999,483,47,22,85,Like,2024-08-16 17:55:52,Respond throw myself mean make usually.
10,jennifer81,Obrienbury,59,Male,2021-09-18,8083,105,21,2024-08-07 13:45:43,Text,Personal,,"#food, #fitness, #fashion",999,483,47,23,90,Like,2024-11-14 02:30:18,
10,jennifer81,Obrienbury,59,Male,2021-09-18,8083,105,21,2024-08-07 13:45:43,Text,Personal,,"#food, #fitness, #fashion",999,483,47,24,30,Like,2024-10-15 00:46:08,Ago hope continue reason not.
10,jennifer81,Obrienbury,59,Male,2021-09-18,8083,105,21,2024-08-07 13:45:43,Text,Personal,,"#food, #fitness, #fashion",999,483,47,25,24,Like,2024-12-17 19:37:31,
85,gmccoy,Murphychester,49,Male,2023-04-17,8293,4672,26,2024-10-09 14:49:27,Image,Promotional,,#fashion,985,471,42,26,33,Comment,2024-12-27 15:01:59,
85,gmccoy,Murphychester,49,Male,2023-04-17,8293,4672,26,2024-10-09 14:49:27,Image,Promotional,,#fashion,985,471,42,27,82,Comment,2025-01-01 03:16:56,If no pass resource oil.
85,gmccoy,Murphychester,49,Male,2023-04-17,8293,4672,26,2024-10-09 14:49:27,Image,Promotional,,#fashion,985,471,42,28,22,Share,2024-11-13 16:01:46,Chair claim citizen avoid Mr discuss officer.
85,gmccoy,Murphychester,49,Male,2023-04-17,8293,4672,26,2024-10-09 14:49:27,Image,Promotional,,#fashion,985,471,42,29,71,Like,2024-10-29 00:37:01,Player attention brother street sort mind name.
85,gmccoy,Murphychester,49,Male,2023-04-17,8293,4672,26,2024-10-09 14:49:27,Image,Promotional,,#fashion,985,471,42,30,19,Like,2024-11-09 15:44:18,
35,xmckinney,East Steven,29,Male,2023-12-01,2998,3379,31,2024-02-17 21:35:32,Image,Personal,,"#fun, #travel, #tech",246,218,24,31,55,Share,2024-10-05 06:42:16,
35,xmckinney,East Steven,29,Male,2023-12-01,2998,3379,31,2024-02-17 21:35:32,Image,Personal,,"#fun, #travel, #tech",246,218,24,32,95,Like,2025-01-02 20:23:55,Worker half nice executive.
35,xmckinney,East Steven,29,Male,2023-12-01,2998,3379,31,2024-02-17 21:35:32,Image,Personal,,"#fun, #travel, #tech",246,218,24,33,6,Share,2024-07-07 22:14:37,
35,xmckinney,East Steven,29,Male,2023-12-01,2998,3379,31,2024-02-17 21:35:32,Image,Personal,,"#fun, #travel, #tech",246,218,24,34,70,Share,2024-09-12 18:23:22,
35,xmckinney,East Steven,29,Male,2023-12-01,2998,3379,31,2024-02-17 21:35:32,Image,Personal,,"#fun, #travel, #tech",246,218,24,35,74,Like,2024-12-11 23:09:03,Begin foot environment six stop or.
46,frank16,New Tamaramouth,39,Male,2022-05-21,6621,2009,36,2024-09-02 15:31:55,Video,Personal,,#food,453,148,114,36,33,Like,2024-12-18 04:53:55,
46,frank16,New Tamaramouth,39,Male,2022-05-21,6621,2009,36,2024-09-02 15:31:55,Video,Personal,,#food,453,148,114,37,2,Like,2024-11-26 00:43:31,
46,frank16,New Tamaramouth,39,Male,2022-05-21,6621,2009,36,2024-09-02 15:31:55,Video,Personal,,#food,453,148,114,38,77,Comment,2024-10-08 02:42:59,Case apply man through will adult.
46,frank16,New Tamaramouth,39,Male,2022-05-21,6621,2009,36,2024-09-02 15:31:55,Video,Personal,,#food,453,148,114,39,1,Share,2024-09-21 13:17:40,
46,frank16,New Tamaramouth,39,Male,2022-05-21,6621,2009,36,2024-09-02 15:31:55,Video,Personal,,#food,453,148,114,40,84,Comment,2024-11-19 23:52:49,
46,jmerritt,Brooksside,31,Female,2021-02-22,238,3788,41,2024-05-14 03:15:07,Image,Carousel,3.0,#tech,295,185,58,41,43,Comment,2024-07-09 13:53:59,
46,jmerritt,Brooksside,31,Female,2021-02-22,238,3788,41,2024-05-14 03:15:07,Image,Carousel,3.0,#tech,295,185,58,42,52,Like,2024-11-28 09:44:27,
46,jmerritt,Brooksside,31,Female,2021-02-22,238,3788,41,2024-05-14 03:15:07,Image,Carousel,3.0,#tech,295,185,58,43,44,Like,2024-05-29 23:08:03,
46,jmerritt,Brooksside,31,Female,2021-02-22,238,3788,41,2024-05-14 03:15:07,Image,Carousel,3.0,#tech,295,185,58,44,55,Comment,2024-06-10 21:35:31,Open east believe join language read purpose.
46,jmerritt,Brooksside,31,Female,2021-02-22,238,3788,41,2024-05-14 03:15:07,Image,Carousel,3.0,#tech,295,185,58,45,29,Share,2024-05-21 06:05:08,Especially trade experience base participant.
56,matthew94,West Courtney,51,Female,2023-01-25,3889,3087,46,2024-11-20 01:24:56,Video,Personal,,"#lifestyle, #tech",709,426,2,46,29,Share,2024-12-16 00:28:28,
56,matthew94,West Courtney,51,Female,2023-01-25,3889,3087,46,2024-11-20 01:24:56,Video,Personal,,"#lifestyle, #tech",709,426,2,47,42,Comment,2024-12-16 16:00:19,
56,matthew94,West Courtney,51,Female,2023-01-25,3889,3087,46,2024-11-20 01:24:56,Video,Personal,,"#lifestyle, #tech",709,426,2,48,100,Share,2024-12-24 02:32:04,Money alone old likely more to institution national.
56,matthew94,West Courtney,51,Female,2023-01-25,3889,3087,46,2024-11-20 01:24:56,Video,Personal,,"#lifestyle, #tech",709,426,2,49,14,Like,2024-12-31 20:41:17,
56,matthew94,West Courtney,51,Female,2023-01-25,3889,3087,46,2024-11-20 01:24:56,Video,Personal,,"#lifestyle, #tech",709,426,2,50,89,Share,2024-12-12 20:12:55,Alone nature performance along woman three.
84,gparker,New Amber,50,Male,2022-12-02,2699,4376,51,2024-03-06 18:35:54,Image,Informational,,#food,71,8,31,51,36,Share,2024-06-28 20:17:30,Different election public out sure attorney.
84,gparker,New Amber,50,Male,2022-12-02,2699,4376,51,2024-03-06 18:35:54,Image,Informational,,#food,71,8,31,52,68,Share,2024-10-15 12:19:39,
84,gparker,New Amber,50,Male,2022-12-02,2699,4376,51,2024-03-06 18:35:54,Image,Informational,,#food,71,8,31,53,99,Share,2024-08-26 22:35:12,
84,gparker,New Amber,50,Male,2022-12-02,2699,4376,51,2024-03-06 18:35:54,Image,Informational,,#food,71,8,31,54,40,Comment,2024-08-12 20:49:36,
84,gparker,New Amber,50,Male,2022-12-02,2699,4376,51,2024-03-06 18:35:54,Image,Informational,,#food,71,8,31,55,2,Comment,2024-05-22 22:28:54,
42,jamesmata,East Andreafort,49,Other,2022-04-25,8183,2827,56,2024-06-07 16:57:54,Text,Informational,,"#fashion, #tech, #fun",761,63,186,56,83,Share,2024-10-10 18:20:11,
42,jamesmata,East Andreafort,49,Other,2022-04-25,8183,2827,56,2024-06-07 16:57:54,Text,Informational,,"#fashion, #tech, #fun",761,63,186,57,73,Comment,2024-12-14 01:32:06,
42,jamesmata,East Andreafort,49,Other,2022-04-25,8183,2827,56,2024-06-07 16:57:54,Text,Informational,,"#fashion, #tech, #fun",761,63,186,58,56,Share,2024-09-11 01:24:35,
42,jamesmata,East Andreafort,49,Other,2022-04-25,8183,2827,56,2024-06-07 16:57:54,Text,Informational,,"#fashion, #tech, #fun",761,63,186,59,72,Share,2024-08-20 12:43:50,
42,jamesmata,East Andreafort,49,Other,2022-04-25,8183,2827,56,2024-06-07 16:57:54,Text,Informational,,"#fashion, #tech, #fun",761,63,186,60,57,Like,2024-09-09 23:53:11,
48,amack,Melissafort,39,Female,2021-11-26,5890,1044,61,2024-06-14 23:09:20,Text,Promotional,,"#tech, #fun, #fashion",731,145,94,61,22,Comment,2024-06-26 23:58:10,
48,amack,Melissafort,39,Female,2021-11-26,5890,1044,61,2024-06-14 23:09:20,Text,Promotional,,"#tech, #fun, #fashion",731,145,94,62,77,Like,2024-11-24 10:58:41,
48,amack,Melissafort,39,Female,2021-11-26,5890,1044,61,2024-06-14 23:09:20,Text,Promotional,,"#tech, #fun, #fashion",731,145,94,63,72,Like,2024-08-14 18:04:46,Matter moment size recent concern.
48,amack,Melissafort,39,Female,2021-11-26,5890,1044,61,2024-06-14 23:09:20,Text,Promotional,,"#tech, #fun, #fashion",731,145,94,64,48,Share,2024-08-14 21:34:25,
48,amack,Melissafort,39,Female,2021-11-26,5890,1044,61,2024-06-14 23:09:20,Text,Promotional,,"#tech, #fun, #fashion",731,145,94,65,98,Comment,2024-07-07 14:45:23,Yard wind station forward develop property happy.
16,strongarthur,East Barbaraberg,33,Other,2024-07-01,7442,2173,66,2024-09-09 05:39:30,Image,Informational,,"#tech, #fashion",720,289,39,66,62,Like,2024-11-20 16:28:13,
16,strongarthur,East Barbaraberg,33,Other,2024-07-01,7442,2173,66,2024-09-09 05:39:30,Image,Informational,,"#tech, #fashion",720,289,39,67,34,Share,2024-12-30 11:37:13,
16,strongarthur,East Barbaraberg,33,Other,2024-07-01,7442,2173,66,2024-09-09 05:39:30,Image,Informational,,"#tech, #fashion",720,289,39,68,74,Share,2024-11-15 15:33:09,
16,strongarthur,East Barbaraberg,33,Other,2024-07-01,7442,2173,66,2024-09-09 05:39:30,Image,Informational,,"#tech, #fashion",720,289,39,69,29,Share,2024-10-03 05:22:49,Seek stay decision drive.
16,strongarthur,East Barbaraberg,33,Other,2024-07-01,7442,2173,66,2024-09-09 05:39:30,Image,Informational,,"#tech, #fashion",720,289,39,70,12,Comment,2024-12-04 01:14:03,
29,hcook,South Heatherstad,36,Female,2024-09-04,106,1623,71,2024-10-16 01:43:52,Image,Carousel,9.0,#lifestyle,228,421,118,71,53,Share,2024-12-05 08:31:40,
29,hcook,South Heatherstad,36,Female,2024-09-04,106,1623,71,2024-10-16 01:43:52,Image,Carousel,9.0,#lifestyle,228,421,118,72,94,Share,2024-12-29 18:50:02,
29,hcook,South Heatherstad,36,Female,2024-09-04,106,1623,71,2024-10-16 01:43:52,Image,Carousel,9.0,#lifestyle,228,421,118,73,47,Like,2024-10-25 09:01:18,
29,hcook,South Heatherstad,36,Female,2024-09-04,106,1623,71,2024-10-16 01:43:52,Image,Carousel,9.0,#lifestyle,228,421,118,74,25,Comment,2024-11-19 20:11:09,Politics attorney factor.
29,hcook,South Heatherstad,36,Female,2024-09-04,106,1623,71,2024-10-16 01:43:52,Image,Carousel,9.0,#lifestyle,228,421,118,75,3,Comment,2024-12-03 13:06:52,
77,vreed,Carrollhaven,26,Male,2021-03-12,670,2997,76,2024-05-29 19:46:34,Video,Promotional,,#fun,709,294,100,76,96,Like,2024-11-02 15:42:30,
77,vreed,Carrollhaven,26,Male,2021-03-12,670,2997,76,2024-05-29 19:46:34,Video,Promotional,,#fun,709,294,100,77,75,Comment,2024-10-20 02:33:08,
77,vreed,Carrollhaven,26,Male,2021-03-12,670,2997,76,2024-05-29 19:46:34,Video,Promotional,,#fun,709,294,100,78,88,Like,2024-09-03 06:03:24,
77,vreed,Carrollhaven,26,Male,2021-03-12,670,2997,76,2024-05-29 19:46:34,Video,Promotional,,#fun,709,294,100,79,6,Like,2024-09-14 18:04:18,
77,vreed,Carrollhaven,26,Male,2021-03-12,670,2997,76,2024-05-29 19:46:34,Video,Promotional,,#fun,709,294,100,80,73,Comment,2024-06-16 15:21:38,
75,myersjames,Lake Robert,28,Male,2022-08-12,8697,2509,81,2024-03-12 06:23:42,Image,Informational,,"#fashion, #fun, #tech",185,281,60,81,34,Comment,2024-04-02 05:37:57,
75,myersjames,Lake Robert,28,Male,2022-08-12,8697,2509,81,2024-03-12 06:23:42,Image,Informational,,"#fashion, #fun, #tech",185,281,60,82,86,Like,2024-09-22 22:48:21,
75,myersjames,Lake Robert,28,Male,2022-08-12,8697,2509,81,2024-03-12 06:23:42,Image,Informational,,"#fashion, #fun, #tech",185,281,60,83,50,Like,2024-04-30 11:03:25,
75,myersjames,Lake Robert,28,Male,2022-08-12,8697,2509,81,2024-03-12 06:23:42,Image,Informational,,"#fashion, #fun, #tech",185,281,60,84,48,Share,2024-08-15 01:08:31,
75,myersjames,Lake Robert,28,Male,2022-08-12,8697,2509,81,2024-03-12 06:23:42,Image,Informational,,"#fashion, #fun, #tech",185,281,60,85,24,Comment,2024-05-13 11:32:11,
58,wriley,Jackview,19,Male,2021-03-25,5448,573,86,2024-07-20 05:19:40,Image,Personal,,"#fun, #food",605,45,114,86,70,Comment,2024-12-10 14:27:50,Myself simple season keep check lay us.
58,wriley,Jackview,19,Male,2021-03-25,5448,573,86,2024-07-20 05:19:40,Image,Personal,,"#fun, #food",605,45,114,87,99,Share,2024-09-23 20:33:48,Close common activity finally enjoy.
58,wriley,Jackview,19,Male,2021-03-25,5448,573,86,2024-07-20 05:19:40,Image,Personal,,"#fun, #food",605,45,114,88,8,Comment,2024-11-20 13:31:52,
58,wriley,Jackview,19,Male,2021-03-25,5448,573,86,2024-07-20 05:19:40,Image,Personal,,"#fun, #food",605,45,114,89,36,Like,2024-12-12 08:53:36,
58,wriley,Jackview,19,Male,2021-03-25,5448,573,86,2024-07-20 05:19:40,Image,Personal,,"#fun, #food",605,45,114,90,82,Comment,2024-12-08 20:32:50,
93,bobbygreen,New Kevin,51,Male,2023-01-01,5432,2107,91,2024-09-28 22:34:16,Text,Promotional,,"#fun, #fitness",192,151,71,91,45,Like,2024-11-07 23:26:13,
93,bobbygreen,New Kevin,51,Male,2023-01-01,5432,2107,91,2024-09-28 22:34:16,Text,Promotional,,"#fun, #fitness",192,151,71,92,46,Comment,2024-12-28 16:18:30,Capital air own garden else former almost enter.
93,bobbygreen,New Kevin,51,Male,2023-01-01,5432,2107,91,2024-09-28 22:34:16,Text,Promotional,,"#fun, #fitness",192,151,71,93,36,Comment,2024-11-25 16:03:54,
93,bobbygreen,New Kevin,51,Male,2023-01-01,5432,2107,91,2024-09-28 22:34:16,Text,Promotional,,"#fun, #fitness",192,151,71,94,52,Comment,2024-12-06 04:32:55,Quickly it after person party you.
93,bobbygreen,New Kevin,51,Male,2023-01-01,5432,2107,91,2024-09-28 22:34:16,Text,Promotional,,"#fun, #fitness",192,151,71,95,38,Share,2024-10-31 18:11:24,Recognize especially film girl chair possible.
81,zreilly,Josephchester,37,Other,2021-08-06,5172,2662,96,2024-06-25 10:01:35,Text,Carousel,10.0,#fun,545,137,40,96,17,Comment,2024-07-23 19:44:08,Throw design research ten claim.
81,zreilly,Josephchester,37,Other,2021-08-06,5172,2662,96,2024-06-25 10:01:35,Text,Carousel,10.0,#fun,545,137,40,97,22,Comment,2024-08-18 13:21:59,
81,zreilly,Josephchester,37,Other,2021-08-06,5172,2662,96,2024-06-25 10:01:35,Text,Carousel,10.0,#fun,545,137,40,98,38,Comment,2024-07-10 16:24:42,
81,zreilly,Josephchester,37,Other,2021-08-06,5172,2662,96,2024-06-25 10:01:35,Text,Carousel,10.0,#fun,545,137,40,99,66,Share,2024-10-18 03:28:16,Less oil much whole people.
81,zreilly,Josephchester,37,Other,2021-08-06,5172,2662,96,2024-06-25 10:01:35,Text,Carousel,10.0,#fun,545,137,40,100,15,Comment,2024-12-28 00:21:42,
66,mcfarlandelizabeth,Anntown,34,Female,2020-10-28,9895,4688,101,2024-12-08 00:49:09,Image,Carousel,7.0,"#fashion, #tech, #lifestyle",816,209,180,101,84,Like,2024-12-24 20:00:46,
66,mcfarlandelizabeth,Anntown,34,Female,2020-10-28,9895,4688,101,2024-12-08 00:49:09,Image,Carousel,7.0,"#fashion, #tech, #lifestyle",816,209,180,102,11,Comment,2025-01-03 17:20:07,
66,mcfarlandelizabeth,Anntown,34,Female,2020-10-28,9895,4688,101,2024-12-08 00:49:09,Image,Carousel,7.0,"#fashion, #tech, #lifestyle",816,209,180,103,66,Comment,2024-12-11 16:46:48,
66,mcfarlandelizabeth,Anntown,34,Female,2020-10-28,9895,4688,101,2024-12-08 00:49:09,Image,Carousel,7.0,"#fashion, #tech, #lifestyle",816,209,180,104,30,Share,2024-12-18 20:19:52,
66,mcfarlandelizabeth,Anntown,34,Female,2020-10-28,9895,4688,101,2024-12-08 00:49:09,Image,Carousel,7.0,"#fashion, #tech, #lifestyle",816,209,180,105,58,Like,2024-12-10 13:23:43,
94,matthew87,East Emma,22,Other,2022-08-26,3132,2273,106,2024-11-03 23:34:15,Image,Personal,,#fitness,460,351,64,106,93,Comment,2024-11-16 00:06:51,
94,matthew87,East Emma,22,Other,2022-08-26,3132,2273,106,2024-11-03 23:34:15,Image,Personal,,#fitness,460,351,64,107,11,Comment,2024-12-17 05:30:24,
94,matthew87,East Emma,22,Other,2022-08-26,3132,2273,106,2024-11-03 23:34:15,Image,Personal,,#fitness,460,351,64,108,52,Comment,2024-12-10 09:56:03,
94,matthew87,East Emma,22,Other,2022-08-26,3132,2273,106,2024-11-03 23:34:15,Image,Personal,,#fitness,460,351,64,109,96,Comment,2024-12-18 06:27:57,Who long fill security site anything.
94,matthew87,East Emma,22,Other,2022-08-26,3132,2273,106,2024-11-03 23:34:15,Image,Personal,,#fitness,460,351,64,110,90,Share,2024-11-30 09:55:44,Represent the return teacher like behind together several.
25,adam92,Philipmouth,30,Female,2023-09-03,9067,4474,111,2024-07-21 22:28:01,Text,Personal,,#travel,659,113,83,111,54,Like,2024-08-15 07:34:31,
25,adam92,Philipmouth,30,Female,2023-09-03,9067,4474,111,2024-07-21 22:28:01,Text,Personal,,#travel,659,113,83,112,16,Share,2024-10-31 00:05:05,Specific fear order bring yeah.
25,adam92,Philipmouth,30,Female,2023-09-03,9067,4474,111,2024-07-21 22:28:01,Text,Personal,,#travel,659,113,83,113,93,Like,2024-12-10 16:01:26,Particularly life magazine forget.
25,adam92,Philipmouth,30,Female,2023-09-03,9067,4474,111,2024-07-21 22:28:01,Text,Personal,,#travel,659,113,83,114,65,Comment,2024-09-22 09:41:26,
25,adam92,Philipmouth,30,Female,2023-09-03,9067,4474,111,2024-07-21 22:28:01,Text,Personal,,#travel,659,113,83,115,40,Share,2024-09-24 11:57:51,
94,leachcynthia,Marymouth,36,Female,2020-07-09,4796,2979,116,2024-12-16 01:12:06,Image,Personal,,"#lifestyle, #food, #fashion",674,208,78,116,18,Like,2024-12-24 18:06:03,
94,leachcynthia,Marymouth,36,Female,2020-07-09,4796,2979,116,2024-12-16 01:12:06,Image,Personal,,"#lifestyle, #food, #fashion",674,208,78,117,43,Share,2024-12-17 18:50:36,
94,leachcynthia,Marymouth,36,Female,2020-07-09,4796,2979,116,2024-12-16 01:12:06,Image,Personal,,"#lifestyle, #food, #fashion",674,208,78,118,13,Comment,2024-12-20 18:36:56,Exist pretty morning model point region business.
94,leachcynthia,Marymouth,36,Female,2020-07-09,4796,2979,116,2024-12-16 01:12:06,Image,Personal,,"#lifestyle, #food, #fashion",674,208,78,119,21,Share,2024-12-23 20:04:14,Well however about air between book store.
94,leachcynthia,Marymouth,36,Female,2020-07-09,4796,2979,116,2024-12-16 01:12:06,Image,Personal,,"#lifestyle, #food, #fashion",674,208,78,120,19,Like,2024-12-26 05:34:23,
33,palexander,New Robert,34,Male,2020-05-02,3249,2211,121,2024-06-11 09:35:28,Video,Informational,,"#lifestyle, #food",314,410,144,121,78,Like,2024-09-21 08:02:04,
33,palexander,New Robert,34,Male,2020-05-02,3249,2211,121,2024-06-11 09:35:28,Video,Informational,,"#lifestyle, #food",314,410,144,122,47,Like,2024-10-01 14:06:21,
33,palexander,New Robert,34,Male,2020-05-02,3249,2211,121,2024-06-11 09:35:28,Video,Informational,,"#lifestyle, #food",314,410,144,123,23,Comment,2024-10-25 14:28:49,
33,palexander,New Robert,34,Male,2020-05-02,3249,2211,121,2024-06-11 09:35:28,Video,Informational,,"#lifestyle, #food",314,410,144,124,93,Comment,2024-08-14 21:48:03,
33,palexander,New Robert,34,Male,2020-05-02,3249,2211,121,2024-06-11 09:35:28,Video,Informational,,"#lifestyle, #food",314,410,144,125,53,Share,2024-09-21 23:12:48,Race threat claim product suffer field each a.
1,jessica46,Port Daniel,25,Female,2023-10-30,3437,2553,126,2024-12-26 10:24:18,Video,Carousel,4.0,#fun,519,374,33,126,72,Like,2024-12-29 16:18:40,Address kitchen degree scene long piece.
1,jessica46,Port Daniel,25,Female,2023-10-30,3437,2553,126,2024-12-26 10:24:18,Video,Carousel,4.0,#fun,519,374,33,127,80,Share,2025-01-05 09:17:48,Can amount serve talk character.
1,jessica46,Port Daniel,25,Female,2023-10-30,3437,2553,126,2024-12-26 10:24:18,Video,Carousel,4.0,#fun,519,374,33,128,50,Comment,2024-12-31 01:27:57,
1,jessica46,Port Daniel,25,Female,2023-10-30,3437,2553,126,2024-12-26 10:24:18,Video,Carousel,4.0,#fun,519,374,33,129,60,Comment,2024-12-31 18:04:00,
1,jessica46,Port Daniel,25,Female,2023-10-30,3437,2553,126,2024-12-26 10:24:18,Video,Carousel,4.0,#fun,519,374,33,130,28,Comment,2024-12-29 02:24:31,Yourself Congress eight service all finish hot.
7,christopherterry,Jonathanville,47,Female,2021-01-20,1054,2893,131,2024-12-04 19:46:55,Video,Personal,,"#lifestyle, #fitness",910,331,171,131,93,Comment,2024-12-27 21:50:32,
7,christopherterry,Jonathanville,47,Female,2021-01-20,1054,2893,131,2024-12-04 19:46:55,Video,Personal,,"#lifestyle, #fitness",910,331,171,132,93,Like,2024-12-07 10:20:24,
7,christopherterry,Jonathanville,47,Female,2021-01-20,1054,2893,131,2024-12-04 19:46:55,Video,Personal,,"#lifestyle, #fitness",910,331,171,133,10,Like,2024-12-30 18:07:36,
7,christopherterry,Jonathanville,47,Female,2021-01-20,1054,2893,131,2024-12-04 19:46:55,Video,Personal,,"#lifestyle, #fitness",910,331,171,134,12,Share,2024-12-13 07:19:31,
7,christopherterry,Jonathanville,47,Female,2021-01-20,1054,2893,131,2024-12-04 19:46:55,Video,Personal,,"#lifestyle, #fitness",910,331,171,135,9,Share,2024-12-31 09:33:45,
65,dianamullins,West Chasemouth,26,Other,2024-02-05,628,1702,136,2024-09-30 19:05:25,Image,Personal,,"#tech, #fitness",78,44,10,136,99,Share,2024-10-04 10:21:51,
65,dianamullins,West Chasemouth,26,Other,2024-02-05,628,1702,136,2024-09-30 19:05:25,Image,Personal,,"#tech, #fitness",78,44,10,137,45,Share,2024-10-20 14:34:08,By conference its table within side.
65,dianamullins,West Chasemouth,26,Other,2024-02-05,628,1702,136,2024-09-30 19:05:25,Image,Personal,,"#tech, #fitness",78,44,10,138,86,Share,2024-10-12 19:37:57,Professor air lose without above energy.
65,dianamullins,West Chasemouth,26,Other,2024-02-05,628,1702,136,2024-09-30 19:05:25,Image,Personal,,"#tech, #fitness",78,44,10,139,35,Comment,2024-11-23 02:57:18,
65,dianamullins,West Chasemouth,26,Other,2024-02-05,628,1702,136,2024-09-30 19:05:25,Image,Personal,,"#tech, #fitness",78,44,10,140,23,Like,2024-10-27 09:22:18,Education own fly ahead marriage.
7,robert18,West Timothy,32,Other,2020-12-25,1857,136,141,2024-12-26 04:47:24,Video,Promotional,,"#food, #lifestyle, #travel",160,60,188,141,41,Like,2024-12-27 20:30:25,
7,robert18,West Timothy,32,Other,2020-12-25,1857,136,141,2024-12-26 04:47:24,Video,Promotional,,"#food, #lifestyle, #travel",160,60,188,142,92,Share,2025-01-01 03:06:32,Life war item practice order total consider artist.
7,robert18,West Timothy,32,Other,2020-12-25,1857,136,141,2024-12-26 04:47:24,Video,Promotional,,"#food, #lifestyle, #travel",160,60,188,143,51,Comment,2025-01-01 23:19:47,
7,robert18,West Timothy,32,Other,2020-12-25,1857,136,141,2024-12-26 04:47:24,Video,Promotional,,"#food, #lifestyle, #travel",160,60,188,144,44,Like,2025-01-03 18:56:14,
7,robert18,West Timothy,32,Other,2020-12-25,1857,136,141,2024-12-26 04:47:24,Video,Promotional,,"#food, #lifestyle, #travel",160,60,188,145,58,Like,2025-01-05 15:02:46,
45,edward89,Hicksstad,32,Male,2024-01-11,6738,2956,146,2024-10-16 15:24:26,Video,Personal,,"#tech, #fashion, #food",80,67,122,146,8,Share,2024-11-17 17:22:59,Early miss summer almost cup.
45,edward89,Hicksstad,32,Male,2024-01-11,6738,2956,146,2024-10-16 15:24:26,Video,Personal,,"#tech, #fashion, #food",80,67,122,147,84,Like,2024-11-28 14:09:32,
45,edward89,Hicksstad,32,Male,2024-01-11,6738,2956,146,2024-10-16 15:24:26,Video,Personal,,"#tech, #fashion, #food",80,67,122,148,59,Share,2024-12-06 06:53:36,Cover simple significant.
45,edward89,Hicksstad,32,Male,2024-01-11,6738,2956,146,2024-10-16 15:24:26,Video,Personal,,"#tech, #fashion, #food",80,67,122,149,13,Share,2024-11-16 10:09:37,
45,edward89,Hicksstad,32,Male,2024-01-11,6738,2956,146,2024-10-16 15:24:26,Video,Personal,,"#tech, #fashion, #food",80,67,122,150,28,Like,2025-01-04 15:03:18,
63,patrick20,Hodgehaven,60,Male,2023-04-24,156,3005,151,2024-12-08 12:55:45,Video,Personal,,"#tech, #fitness",891,84,64,151,8,Comment,2024-12-27 15:06:54,
63,patrick20,Hodgehaven,60,Male,2023-04-24,156,3005,151,2024-12-08 12:55:45,Video,Personal,,"#tech, #fitness",891,84,64,152,45,Like,2024-12-17 15:33:18,
63,patrick20,Hodgehaven,60,Male,2023-04-24,156,3005,151,2024-12-08 12:55:45,Video,Personal,,"#tech, #fitness",891,84,64,153,54,Share,2025-01-05 00:50:16,
63,patrick20,Hodgehaven,60,Male,2023-04-24,156,3005,151,2024-12-08 12:55:45,Video,Personal,,"#tech, #fitness",891,84,64,154,5,Comment,2024-12-23 05:43:52,
63,patrick20,Hodgehaven,60,Male,2023-04-24,156,3005,151,2024-12-08 12:55:45,Video,Personal,,"#tech, #fitness",891,84,64,155,16,Like,2024-12-11 18:03:05,
79,nicole71,Port Ashleyport,53,Male,2021-08-10,2043,2724,156,2024-04-15 22:02:38,Image,Promotional,,"#fitness, #lifestyle",407,443,113,156,63,Like,2024-09-23 05:11:33,
79,nicole71,Port Ashleyport,53,Male,2021-08-10,2043,2724,156,2024-04-15 22:02:38,Image,Promotional,,"#fitness, #lifestyle",407,443,113,157,60,Share,2024-11-12 00:57:28,
79,nicole71,Port Ashleyport,53,Male,2021-08-10,2043,2724,156,2024-04-15 22:02:38,Image,Promotional,,"#fitness, #lifestyle",407,443,113,158,53,Like,2024-10-23 07:08:47,
79,nicole71,Port Ashleyport,53,Male,2021-08-10,2043,2724,156,2024-04-15 22:02:38,Image,Promotional,,"#fitness, #lifestyle",407,443,113,159,27,Comment,2024-12-11 22:42:13,
79,nicole71,Port Ashleyport,53,Male,2021-08-10,2043,2724,156,2024-04-15 22:02:38,Image,Promotional,,"#fitness, #lifestyle",407,443,113,160,72,Like,2024-06-21 05:16:10,
83,roberto53,Lanebury,39,Male,2020-04-02,1574,3684,161,2024-12-31 06:07:09,Image,Promotional,,"#tech, #travel",115,193,44,161,80,Share,2025-01-04 14:18:34,School Congress white peace adult.
83,roberto53,Lanebury,39,Male,2020-04-02,1574,3684,161,2024-12-31 06:07:09,Image,Promotional,,"#tech, #travel",115,193,44,162,81,Like,2024-12-31 21:42:55,
83,roberto53,Lanebury,39,Male,2020-04-02,1574,3684,161,2024-12-31 06:07:09,Image,Promotional,,"#tech, #travel",115,193,44,163,32,Comment,2024-12-31 12:25:47,Near bar reveal beat ago.
83,roberto53,Lanebury,39,Male,2020-04-02,1574,3684,161,2024-12-31 06:07:09,Image,Promotional,,"#tech, #travel",115,193,44,164,59,Like,2025-01-04 19:37:08,
83,roberto53,Lanebury,39,Male,2020-04-02,1574,3684,161,2024-12-31 06:07:09,Image,Promotional,,"#tech, #travel",115,193,44,165,15,Like,2025-01-03 07:19:49,
55,merrittcassie,Lake Anthonyside,34,Female,2024-04-08,864,287,166,2024-08-16 23:56:10,Video,Carousel,8.0,#food,776,468,93,166,53,Comment,2024-09-28 03:05:42,Soon respond level imagine relationship decision mean.
55,merrittcassie,Lake Anthonyside,34,Female,2024-04-08,864,287,166,2024-08-16 23:56:10,Video,Carousel,8.0,#food,776,468,93,167,83,Like,2024-12-24 14:12:51,
55,merrittcassie,Lake Anthonyside,34,Female,2024-04-08,864,287,166,2024-08-16 23:56:10,Video,Carousel,8.0,#food,776,468,93,168,10,Share,2024-09-04 13:36:06,
55,merrittcassie,Lake Anthonyside,34,Female,2024-04-08,864,287,166,2024-08-16 23:56:10,Video,Carousel,8.0,#food,776,468,93,169,85,Comment,2025-01-02 22:51:11,
55,merrittcassie,Lake Anthonyside,34,Female,2024-04-08,864,287,166,2024-08-16 23:56:10,Video,Carousel,8.0,#food,776,468,93,170,95,Comment,2024-11-24 07:34:51,
57,thomasrobert,Rileymouth,47,Male,2023-11-11,95,3256,171,2024-08-06 17:55:31,Image,Carousel,4.0,"#tech, #fitness",542,103,69,171,40,Like,2024-09-09 02:00:09,
57,thomasrobert,Rileymouth,47,Male,2023-11-11,95,3256,171,2024-08-06 17:55:31,Image,Carousel,4.0,"#tech, #fitness",542,103,69,172,65,Comment,2024-11-28 19:15:51,Year painting produce sometimes.
57,thomasrobert,Rileymouth,47,Male,2023-11-11,95,3256,171,2024-08-06 17:55:31,Image,Carousel,4.0,"#tech, #fitness",542,103,69,173,16,Like,2024-11-03 07:13:55,
57,thomasrobert,Rileymouth,47,Male,2023-11-11,95,3256,171,2024-08-06 17:55:31,Image,Carousel,4.0,"#tech, #fitness",542,103,69,174,67,Like,2024-09-29 23:37:43,
57,thomasrobert,Rileymouth,47,Male,2023-11-11,95,3256,171,2024-08-06 17:55:31,Image,Carousel,4.0,"#tech, #fitness",542,103,69,175,13,Share,2024-08-24 14:56:40,
16,jacqueline46,West Christina,33,Male,2021-02-17,5542,4543,176,2024-11-09 14:47:27,Image,Personal,,"#food, #fashion",654,257,182,176,3,Comment,2024-12-17 02:26:05,
16,jacqueline46,West Christina,33,Male,2021-02-17,5542,4543,176,2024-11-09 14:47:27,Image,Personal,,"#food, #fashion",654,257,182,177,8,Share,2024-12-18 04:03:25,
16,jacqueline46,West Christina,33,Male,2021-02-17,5542,4543,176,2024-11-09 14:47:27,Image,Personal,,"#food, #fashion",654,257,182,178,60,Like,2024-12-01 05:42:42,
16,jacqueline46,West Christina,33,Male,2021-02-17,5542,4543,176,2024-11-09 14:47:27,Image,Personal,,"#food, #fashion",654,257,182,179,24,Comment,2024-12-21 16:12:26,Hit could price.
16,jacqueline46,West Christina,33,Male,2021-02-17,5542,4543,176,2024-11-09 14:47:27,Image,Personal,,"#food, #fashion",654,257,182,180,84,Like,2024-11-10 06:08:26,Seem what else piece data whatever.
80,hayesjack,Sergiofurt,29,Other,2023-08-29,2223,519,181,2024-01-31 14:09:52,Video,Promotional,,#tech,985,208,122,181,7,Comment,2024-02-26 10:20:17,
80,hayesjack,Sergiofurt,29,Other,2023-08-29,2223,519,181,2024-01-31 14:09:52,Video,Promotional,,#tech,985,208,122,182,51,Share,2024-12-18 23:44:03,Ball within down second else.
80,hayesjack,Sergiofurt,29,Other,2023-08-29,2223,519,181,2024-01-31 14:09:52,Video,Promotional,,#tech,985,208,122,183,80,Share,2024-06-27 23:34:24,
80,hayesjack,Sergiofurt,29,Other,2023-08-29,2223,519,181,2024-01-31 14:09:52,Video,Promotional,,#tech,985,208,122,184,90,Like,2024-06-08 15:52:15,
80,hayesjack,Sergiofurt,29,Other,2023-08-29,2223,519,181,2024-01-31 14:09:52,Video,Promotional,,#tech,985,208,122,185,45,Comment,2024-09-07 23:59:35,
43,thomas66,Port Lisamouth,23,Other,2020-01-13,3267,272,186,2025-01-05 01:57:54,Image,Personal,,"#lifestyle, #fashion",137,215,156,186,51,Share,2025-01-05 20:09:16,
43,thomas66,Port Lisamouth,23,Other,2020-01-13,3267,272,186,2025-01-05 01:57:54,Image,Personal,,"#lifestyle, #fashion",137,215,156,187,45,Comment,2025-01-05 03:59:08,
43,thomas66,Port Lisamouth,23,Other,2020-01-13,3267,272,186,2025-01-05 01:57:54,Image,Personal,,"#lifestyle, #fashion",137,215,156,188,44,Comment,2025-01-05 02:29:29,
43,thomas66,Port Lisamouth,23,Other,2020-01-13,3267,272,186,2025-01-05 01:57:54,Image,Personal,,"#lifestyle, #fashion",137,215,156,189,47,Share,2025-01-05 16:35:26,History across learn year travel.
43,thomas66,Port Lisamouth,23,Other,2020-01-13,3267,272,186,2025-01-05 01:57:54,Image,Personal,,"#lifestyle, #fashion",137,215,156,190,48,Like,2025-01-05 02:30:11,
10,uortega,Richardtown,36,Male,2023-02-12,576,203,191,2024-10-01 18:13:25,Text,Carousel,2.0,"#lifestyle, #food, #travel",958,407,76,191,32,Share,2024-11-26 06:06:16,Approach chance message state method black parent.
10,uortega,Richardtown,36,Male,2023-02-12,576,203,191,2024-10-01 18:13:25,Text,Carousel,2.0,"#lifestyle, #food, #travel",958,407,76,192,35,Like,2024-10-30 08:32:58,
10,uortega,Richardtown,36,Male,2023-02-12,576,203,191,2024-10-01 18:13:25,Text,Carousel,2.0,"#lifestyle, #food, #travel",958,407,76,193,79,Like,2024-10-04 06:18:34,
10,uortega,Richardtown,36,Male,2023-02-12,576,203,191,2024-10-01 18:13:25,Text,Carousel,2.0,"#lifestyle, #food, #travel",958,407,76,194,36,Share,2024-11-19 17:34:14,Dinner follow front return why.
10,uortega,Richardtown,36,Male,2023-02-12,576,203,191,2024-10-01 18:13:25,Text,Carousel,2.0,"#lifestyle, #food, #travel",958,407,76,195,74,Like,2024-12-14 05:12:53,
52,hcarter,South Jenniferbury,54,Female,2020-02-03,2876,2721,196,2024-03-08 10:37:53,Text,Promotional,,"#fitness, #food",861,290,42,196,63,Like,2024-11-08 11:16:44,
52,hcarter,South Jenniferbury,54,Female,2020-02-03,2876,2721,196,2024-03-08 10:37:53,Text,Promotional,,"#fitness, #food",861,290,42,197,17,Like,2024-08-24 07:50:24,
52,hcarter,South Jenniferbury,54,Female,2020-02-03,2876,2721,196,2024-03-08 10:37:53,Text,Promotional,,"#fitness, #food",861,290,42,198,59,Like,2024-07-03 10:47:27,Social company we amount difference.
52,hcarter,South Jenniferbury,54,Female,2020-02-03,2876,2721,196,2024-03-08 10:37:53,Text,Promotional,,"#fitness, #food",861,290,42,199,57,Like,2024-04-13 21:29:38,Why performance buy really participant.
52,hcarter,South Jenniferbury,54,Female,2020-02-03,2876,2721,196,2024-03-08 10:37:53,Text,Promotional,,"#fitness, #food",861,290,42,200,32,Share,2024-07-29 06:35:05,Factor article story defense strong record.
20,lauranewman,Jackborough,33,Other,2022-04-06,5598,2302,201,2024-09-05 08:12:30,Image,Personal,,#fitness,391,391,44,201,38,Like,2024-09-08 03:46:47,
20,lauranewman,Jackborough,33,Other,2022-04-06,5598,2302,201,2024-09-05 08:12:30,Image,Personal,,#fitness,391,391,44,202,43,Like,2024-11-24 18:22:31,
20,lauranewman,Jackborough,33,Other,2022-04-06,5598,2302,201,2024-09-05 08:12:30,Image,Personal,,#fitness,391,391,44,203,23,Share,2024-12-03 00:41:26,
20,lauranewman,Jackborough,33,Other,2022-04-06,5598,2302,201,2024-09-05 08:12:30,Image,Personal,,#fitness,391,391,44,204,31,Share,2024-10-30 09:27:05,
20,lauranewman,Jackborough,33,Other,2022-04-06,5598,2302,201,2024-09-05 08:12:30,Image,Personal,,#fitness,391,391,44,205,5,Comment,2024-09-16 09:47:40,
78,thompsonvictor,Port Adamfurt,31,Female,2022-12-11,2980,1014,206,2024-05-27 03:23:00,Image,Informational,,"#fitness, #fun, #food",233,305,52,206,69,Like,2024-06-26 03:37:45,
78,thompsonvictor,Port Adamfurt,31,Female,2022-12-11,2980,1014,206,2024-05-27 03:23:00,Image,Informational,,"#fitness, #fun, #food",233,305,52,207,28,Comment,2024-12-05 12:02:59,
78,thompsonvictor,Port Adamfurt,31,Female,2022-12-11,2980,1014,206,2024-05-27 03:23:00,Image,Informational,,"#fitness, #fun, #food",233,305,52,208,52,Comment,2024-10-28 14:55:18,
78,thompsonvictor,Port Adamfurt,31,Female,2022-12-11,2980,1014,206,2024-05-27 03:23:00,Image,Informational,,"#fitness, #fun, #food",233,305,52,209,24,Share,2024-12-08 10:01:51,Study rich employee.
78,thompsonvictor,Port Adamfurt,31,Female,2022-12-11,2980,1014,206,2024-05-27 03:23:00,Image,Informational,,"#fitness, #fun, #food",233,305,52,210,43,Comment,2024-11-16 16:42:03,
1,vwarren,Smithview,37,Male,2023-04-21,3376,2579,211,2024-05-16 14:35:55,Text,Informational,,"#fitness, #fun, #food",828,211,130,211,26,Comment,2024-06-14 07:47:16,
1,vwarren,Smithview,37,Male,2023-04-21,3376,2579,211,2024-05-16 14:35:55,Text,Informational,,"#fitness, #fun, #food",828,211,130,212,9,Comment,2024-11-24 08:22:21,
1,vwarren,Smithview,37,Male,2023-04-21,3376,2579,211,2024-05-16 14:35:55,Text,Informational,,"#fitness, #fun, #food",828,211,130,213,90,Comment,2024-10-10 17:26:36,
1,vwarren,Smithview,37,Male,2023-04-21,3376,2579,211,2024-05-16 14:35:55,Text,Informational,,"#fitness, #fun, #food",828,211,130,214,24,Comment,2024-09-11 20:59:17,
1,vwarren,Smithview,37,Male,2023-04-21,3376,2579,211,2024-05-16 14:35:55,Text,Informational,,"#fitness, #fun, #food",828,211,130,215,52,Share,2024-10-12 01:37:31,
89,briannarobertson,Lake Lindaton,34,Other,2021-07-27,5709,3551,216,2024-07-16 01:31:01,Image,Informational,,#food,292,464,200,216,84,Like,2025-01-05 00:05:41,
89,briannarobertson,Lake Lindaton,34,Other,2021-07-27,5709,3551,216,2024-07-16 01:31:01,Image,Informational,,#food,292,464,200,217,19,Like,2024-12-06 02:20:34,Bring it left detail heavy accept film where.
89,briannarobertson,Lake Lindaton,34,Other,2021-07-27,5709,3551,216,2024-07-16 01:31:01,Image,Informational,,#food,292,464,200,218,14,Like,2024-12-15 03:30:08,
89,briannarobertson,Lake Lindaton,34,Other,2021-07-27,5709,3551,216,2024-07-16 01:31:01,Image,Informational,,#food,292,464,200,219,98,Comment,2024-08-31 18:10:06,Week later imagine actually become discover major.
89,briannarobertson,Lake Lindaton,34,Other,2021-07-27,5709,3551,216,2024-07-16 01:31:01,Image,Informational,,#food,292,464,200,220,3,Share,2024-08-20 10:11:50,
80,ghughes,North Jerry,38,Other,2024-02-26,3281,4443,221,2024-11-07 07:18:09,Image,Promotional,,"#lifestyle, #travel, #fashion",141,221,104,221,11,Like,2024-12-18 02:31:33,
80,ghughes,North Jerry,38,Other,2024-02-26,3281,4443,221,2024-11-07 07:18:09,Image,Promotional,,"#lifestyle, #travel, #fashion",141,221,104,222,49,Share,2024-11-27 02:52:11,
80,ghughes,North Jerry,38,Other,2024-02-26,3281,4443,221,2024-11-07 07:18:09,Image,Promotional,,"#lifestyle, #travel, #fashion",141,221,104,223,34,Share,2024-11-15 20:41:02,Husband suggest difference again.
80,ghughes,North Jerry,38,Other,2024-02-26,3281,4443,221,2024-11-07 07:18:09,Image,Promotional,,"#lifestyle, #travel, #fashion",141,221,104,224,1,Like,2024-12-05 23:05:40,
80,ghughes,North Jerry,38,Other,2024-02-26,3281,4443,221,2024-11-07 07:18:09,Image,Promotional,,"#lifestyle, #travel, #fashion",141,221,104,225,41,Like,2024-11-23 14:32:43,
76,matthewhall,Williamsshire,25,Other,2021-11-05,2085,2076,226,2024-01-14 00:51:55,Video,Promotional,,"#travel, #fashion",782,494,184,226,86,Like,2024-03-06 03:11:59,
76,matthewhall,Williamsshire,25,Other,2021-11-05,2085,2076,226,2024-01-14 00:51:55,Video,Promotional,,"#travel, #fashion",782,494,184,227,16,Like,2024-10-02 18:03:32,Clear between because occur.
76,matthewhall,Williamsshire,25,Other,2021-11-05,2085,2076,226,2024-01-14 00:51:55,Video,Promotional,,"#travel, #fashion",782,494,184,228,88,Share,2024-06-12 20:42:34,
76,matthewhall,Williamsshire,25,Other,2021-11-05,2085,2076,226,2024-01-14 00:51:55,Video,Promotional,,"#travel, #fashion",782,494,184,229,94,Share,2025-01-05 17:22:58,
76,matthewhall,Williamsshire,25,Other,2021-11-05,2085,2076,226,2024-01-14 00:51:55,Video,Promotional,,"#travel, #fashion",782,494,184,230,64,Comment,2024-10-11 22:43:42,
95,dylanjimenez,Williamville,24,Other,2022-05-29,1151,3840,231,2024-03-18 04:22:26,Video,Carousel,3.0,"#food, #travel, #tech",547,442,77,231,65,Share,2024-10-18 09:53:48,
95,dylanjimenez,Williamville,24,Other,2022-05-29,1151,3840,231,2024-03-18 04:22:26,Video,Carousel,3.0,"#food, #travel, #tech",547,442,77,232,54,Like,2024-11-20 20:35:31,
95,dylanjimenez,Williamville,24,Other,2022-05-29,1151,3840,231,2024-03-18 04:22:26,Video,Carousel,3.0,"#food, #travel, #tech",547,442,77,233,49,Share,2025-01-03 20:52:30,
95,dylanjimenez,Williamville,24,Other,2022-05-29,1151,3840,231,2024-03-18 04:22:26,Video,Carousel,3.0,"#food, #travel, #tech",547,442,77,234,85,Like,2024-07-27 16:25:10,Show hair today very day.
95,dylanjimenez,Williamville,24,Other,2022-05-29,1151,3840,231,2024-03-18 04:22:26,Video,Carousel,3.0,"#food, #travel, #tech",547,442,77,235,5,Like,2024-04-10 16:15:50,Push nice campaign sort another.
38,williamsseth,South Brittanymouth,49,Female,2020-02-23,6621,2340,236,2024-08-28 19:04:00,Video,Personal,,"#fun, #fitness, #tech",439,288,198,236,8,Share,2024-10-02 10:58:20,Head ready Republican general expert without degree.
38,williamsseth,South Brittanymouth,49,Female,2020-02-23,6621,2340,236,2024-08-28 19:04:00,Video,Personal,,"#fun, #fitness, #tech",439,288,198,237,91,Share,2024-11-23 07:29:43,
38,williamsseth,South Brittanymouth,49,Female,2020-02-23,6621,2340,236,2024-08-28 19:04:00,Video,Personal,,"#fun, #fitness, #tech",439,288,198,238,77,Comment,2024-12-29 23:40:56,
38,williamsseth,South Brittanymouth,49,Female,2020-02-23,6621,2340,236,2024-08-28 19:04:00,Video,Personal,,"#fun, #fitness, #tech",439,288,198,239,11,Comment,2024-09-24 07:47:46,
38,williamsseth,South Brittanymouth,49,Female,2020-02-23,6621,2340,236,2024-08-28 19:04:00,Video,Personal,,"#fun, #fitness, #tech",439,288,198,240,99,Share,2024-12-13 22:36:38,
79,jonesdaniel,North Jonathanburgh,60,Other,2023-07-04,9534,2386,241,2024-08-06 03:38:39,Video,Personal,,"#lifestyle, #fitness",707,481,24,241,88,Share,2024-10-29 10:47:42,
79,jonesdaniel,North Jonathanburgh,60,Other,2023-07-04,9534,2386,241,2024-08-06 03:38:39,Video,Personal,,"#lifestyle, #fitness",707,481,24,242,11,Share,2024-10-02 07:45:28,
79,jonesdaniel,North Jonathanburgh,60,Other,2023-07-04,9534,2386,241,2024-08-06 03:38:39,Video,Personal,,"#lifestyle, #fitness",707,481,24,243,2,Comment,2025-01-02 21:53:57,
79,jonesdaniel,North Jonathanburgh,60,Other,2023-07-04,9534,2386,241,2024-08-06 03:38:39,Video,Personal,,"#lifestyle, #fitness",707,481,24,244,8,Comment,2024-11-03 03:04:48,
79,jonesdaniel,North Jonathanburgh,60,Other,2023-07-04,9534,2386,241,2024-08-06 03:38:39,Video,Personal,,"#lifestyle, #fitness",707,481,24,245,86,Like,2024-12-09 20:56:02,
82,burnsjacqueline,Sanchezbury,45,Female,2021-12-16,7905,3690,246,2024-01-09 04:26:05,Image,Informational,,"#fun, #tech, #lifestyle",101,159,191,246,67,Like,2024-10-17 13:32:45,
82,burnsjacqueline,Sanchezbury,45,Female,2021-12-16,7905,3690,246,2024-01-09 04:26:05,Image,Informational,,"#fun, #tech, #lifestyle",101,159,191,247,28,Comment,2024-07-14 06:30:55,
82,burnsjacqueline,Sanchezbury,45,Female,2021-12-16,7905,3690,246,2024-01-09 04:26:05,Image,Informational,,"#fun, #tech, #lifestyle",101,159,191,248,32,Comment,2024-04-17 06:18:48,
82,burnsjacqueline,Sanchezbury,45,Female,2021-12-16,7905,3690,246,2024-01-09 04:26:05,Image,Informational,,"#fun, #tech, #lifestyle",101,159,191,249,1,Comment,2024-05-11 17:08:36,Audience field describe successful assume newspaper magazine.
82,burnsjacqueline,Sanchezbury,45,Female,2021-12-16,7905,3690,246,2024-01-09 04:26:05,Image,Informational,,"#fun, #tech, #lifestyle",101,159,191,250,54,Share,2024-04-13 22:39:01,
19,smithstephen,Lake Brandon,49,Male,2023-01-10,8819,2298,251,2024-11-11 20:48:14,Text,Personal,,"#fun, #tech, #travel",197,279,27,251,45,Like,2024-12-31 21:09:55,
19,smithstephen,Lake Brandon,49,Male,2023-01-10,8819,2298,251,2024-11-11 20:48:14,Text,Personal,,"#fun, #tech, #travel",197,279,27,252,81,Comment,2024-12-26 20:28:24,
19,smithstephen,Lake Brandon,49,Male,2023-01-10,8819,2298,251,2024-11-11 20:48:14,Text,Personal,,"#fun, #tech, #travel",197,279,27,253,64,Like,2024-12-17 11:30:18,
19,smithstephen,Lake Brandon,49,Male,2023-01-10,8819,2298,251,2024-11-11 20:48:14,Text,Personal,,"#fun, #tech, #travel",197,279,27,254,93,Comment,2024-11-27 20:31:39,
19,smithstephen,Lake Brandon,49,Male,2023-01-10,8819,2298,251,2024-11-11 20:48:14,Text,Personal,,"#fun, #tech, #travel",197,279,27,255,58,Share,2024-12-22 22:16:18,
33,johnsonkatherine,New William,36,Other,2021-09-19,4449,3955,256,2024-04-17 10:37:03,Video,Carousel,3.0,"#travel, #fun",542,86,63,256,82,Share,2024-10-31 02:35:29,Scientist to boy allow before.
33,johnsonkatherine,New William,36,Other,2021-09-19,4449,3955,256,2024-04-17 10:37:03,Video,Carousel,3.0,"#travel, #fun",542,86,63,257,8,Comment,2024-09-21 02:34:54,
33,johnsonkatherine,New William,36,Other,2021-09-19,4449,3955,256,2024-04-17 10:37:03,Video,Carousel,3.0,"#travel, #fun",542,86,63,258,41,Share,2024-11-08 22:16:01,No young fact service human alone spring.
33,johnsonkatherine,New William,36,Other,2021-09-19,4449,3955,256,2024-04-17 10:37:03,Video,Carousel,3.0,"#travel, #fun",542,86,63,259,11,Share,2024-11-10 13:24:35,Into employee six within beautiful.
33,johnsonkatherine,New William,36,Other,2021-09-19,4449,3955,256,2024-04-17 10:37:03,Video,Carousel,3.0,"#travel, #fun",542,86,63,260,24,Comment,2024-09-20 02:25:14,
33,davidhernandez,Taylorshire,49,Female,2023-06-03,8543,3530,261,2024-10-23 09:18:19,Text,Personal,,#fitness,831,207,11,261,8,Like,2024-12-14 07:38:08,
33,davidhernandez,Taylorshire,49,Female,2023-06-03,8543,3530,261,2024-10-23 09:18:19,Text,Personal,,#fitness,831,207,11,262,6,Share,2024-11-19 20:59:11,
33,davidhernandez,Taylorshire,49,Female,2023-06-03,8543,3530,261,2024-10-23 09:18:19,Text,Personal,,#fitness,831,207,11,263,59,Like,2024-11-02 22:44:39,
33,davidhernandez,Taylorshire,49,Female,2023-06-03,8543,3530,261,2024-10-23 09:18:19,Text,Personal,,#fitness,831,207,11,264,85,Share,2024-11-26 02:18:54,Get cell small fine write.
33,davidhernandez,Taylorshire,49,Female,2023-06-03,8543,3530,261,2024-10-23 09:18:19,Text,Personal,,#fitness,831,207,11,265,62,Like,2024-12-29 20:26:10,
58,glandry,East Nicholas,40,Other,2024-07-31,4032,1855,266,2024-04-11 21:22:45,Text,Personal,,"#tech, #food, #travel",211,310,95,266,7,Share,2024-08-13 16:18:27,
58,glandry,East Nicholas,40,Other,2024-07-31,4032,1855,266,2024-04-11 21:22:45,Text,Personal,,"#tech, #food, #travel",211,310,95,267,82,Share,2024-11-29 04:22:42,Apply worry civil would prevent recent throughout.
58,glandry,East Nicholas,40,Other,2024-07-31,4032,1855,266,2024-04-11 21:22:45,Text,Personal,,"#tech, #food, #travel",211,310,95,268,45,Share,2024-05-07 17:30:41,
58,glandry,East Nicholas,40,Other,2024-07-31,4032,1855,266,2024-04-11 21:22:45,Text,Personal,,"#tech, #food, #travel",211,310,95,269,22,Like,2024-07-30 11:41:23,
58,glandry,East Nicholas,40,Other,2024-07-31,4032,1855,266,2024-04-11 21:22:45,Text,Personal,,"#tech, #food, #travel",211,310,95,270,53,Comment,2024-06-18 08:57:09,
58,brandycole,Wilsonmouth,22,Female,2023-02-03,2856,4052,271,2024-01-07 14:57:43,Video,Promotional,,#fashion,570,392,21,271,75,Like,2024-11-10 03:14:07,
58,brandycole,Wilsonmouth,22,Female,2023-02-03,2856,4052,271,2024-01-07 14:57:43,Video,Promotional,,#fashion,570,392,21,272,9,Share,2024-12-14 21:35:58,Clear thing once experience political through.
58,brandycole,Wilsonmouth,22,Female,2023-02-03,2856,4052,271,2024-01-07 14:57:43,Video,Promotional,,#fashion,570,392,21,273,47,Like,2024-12-12 21:55:07,Drop green anyone across phone film.
58,brandycole,Wilsonmouth,22,Female,2023-02-03,2856,4052,271,2024-01-07 14:57:43,Video,Promotional,,#fashion,570,392,21,274,15,Share,2024-04-11 09:57:18,
58,brandycole,Wilsonmouth,22,Female,2023-02-03,2856,4052,271,2024-01-07 14:57:43,Video,Promotional,,#fashion,570,392,21,275,100,Comment,2024-12-24 12:41:36,
15,regina10,Masonbury,22,Male,2022-12-07,9810,4316,276,2024-03-09 13:05:17,Text,Personal,,"#food, #fun, #fashion",176,489,86,276,45,Share,2024-05-27 19:41:44,
15,regina10,Masonbury,22,Male,2022-12-07,9810,4316,276,2024-03-09 13:05:17,Text,Personal,,"#food, #fun, #fashion",176,489,86,277,99,Like,2024-07-11 15:42:57,Detail exactly still under investment.
15,regina10,Masonbury,22,Male,2022-12-07,9810,4316,276,2024-03-09 13:05:17,Text,Personal,,"#food, #fun, #fashion",176,489,86,278,49,Like,2024-09-25 07:17:13,Prevent table consider.
15,regina10,Masonbury,22,Male,2022-12-07,9810,4316,276,2024-03-09 13:05:17,Text,Personal,,"#food, #fun, #fashion",176,489,86,279,78,Share,2024-09-15 19:16:34,Culture happy professor forward here senior.
15,regina10,Masonbury,22,Male,2022-12-07,9810,4316,276,2024-03-09 13:05:17,Text,Personal,,"#food, #fun, #fashion",176,489,86,280,54,Comment,2024-07-09 09:17:30,Say research case prevent wide.
36,daniel85,Lake Dana,54,Other,2021-02-10,2291,1328,281,2024-02-26 19:59:11,Text,Promotional,,"#lifestyle, #fitness",345,444,99,281,86,Share,2024-12-13 15:17:49,
36,daniel85,Lake Dana,54,Other,2021-02-10,2291,1328,281,2024-02-26 19:59:11,Text,Promotional,,"#lifestyle, #fitness",345,444,99,282,32,Comment,2024-12-30 03:58:51,
36,daniel85,Lake Dana,54,Other,2021-02-10,2291,1328,281,2024-02-26 19:59:11,Text,Promotional,,"#lifestyle, #fitness",345,444,99,283,34,Share,2024-08-27 02:29:00,
36,daniel85,Lake Dana,54,Other,2021-02-10,2291,1328,281,2024-02-26 19:59:11,Text,Promotional,,"#lifestyle, #fitness",345,444,99,284,44,Share,2024-11-05 17:54:06,
36,daniel85,Lake Dana,54,Other,2021-02-10,2291,1328,281,2024-02-26 19:59:11,Text,Promotional,,"#lifestyle, #fitness",345,444,99,285,57,Share,2024-11-13 11:49:01,
50,ugraves,South Gary,53,Male,2021-08-05,7415,2601,286,2024-02-02 11:05:33,Video,Promotional,,"#travel, #food",851,79,9,286,22,Comment,2024-12-08 16:35:08,
50,ugraves,South Gary,53,Male,2021-08-05,7415,2601,286,2024-02-02 11:05:33,Video,Promotional,,"#travel, #food",851,79,9,287,4,Share,2025-01-04 10:52:29,
50,ugraves,South Gary,53,Male,2021-08-05,7415,2601,286,2024-02-02 11:05:33,Video,Promotional,,"#travel, #food",851,79,9,288,100,Share,2024-09-09 10:30:15,
50,ugraves,South Gary,53,Male,2021-08-05,7415,2601,286,2024-02-02 11:05:33,Video,Promotional,,"#travel, #food",851,79,9,289,64,Comment,2024-06-19 07:15:48,
50,ugraves,South Gary,53,Male,2021-08-05,7415,2601,286,2024-02-02 11:05:33,Video,Promotional,,"#travel, #food",851,79,9,290,69,Share,2024-12-20 04:10:56,
34,nhanson,Port Jason,27,Other,2021-06-06,4145,4470,291,2024-11-21 15:20:22,Video,Carousel,2.0,"#food, #fun, #fitness",878,244,78,291,58,Comment,2024-12-20 03:07:04,
34,nhanson,Port Jason,27,Other,2021-06-06,4145,4470,291,2024-11-21 15:20:22,Video,Carousel,2.0,"#food, #fun, #fitness",878,244,78,292,2,Comment,2024-12-08 05:41:01,
34,nhanson,Port Jason,27,Other,2021-06-06,4145,4470,291,2024-11-21 15:20:22,Video,Carousel,2.0,"#food, #fun, #fitness",878,244,78,293,88,Comment,2024-12-18 23:10:41,
34,nhanson,Port Jason,27,Other,2021-06-06,4145,4470,291,2024-11-21 15:20:22,Video,Carousel,2.0,"#food, #fun, #fitness",878,244,78,294,5,Like,2024-12-21 00:34:42,
34,nhanson,Port Jason,27,Other,2021-06-06,4145,4470,291,2024-11-21 15:20:22,Video,Carousel,2.0,"#food, #fun, #fitness",878,244,78,295,13,Share,2024-12-08 13:15:07,
81,andrew90,West Tracyport,51,Male,2020-07-11,2726,4998,296,2024-05-22 06:38:06,Image,Informational,,#travel,337,46,103,296,53,Share,2024-11-14 23:22:29,Still return do stand.
81,andrew90,West Tracyport,51,Male,2020-07-11,2726,4998,296,2024-05-22 06:38:06,Image,Informational,,#travel,337,46,103,297,54,Share,2024-06-11 04:04:59,Civil end bring voice wear.
81,andrew90,West Tracyport,51,Male,2020-07-11,2726,4998,296,2024-05-22 06:38:06,Image,Informational,,#travel,337,46,103,298,21,Like,2024-12-15 00:18:47,
81,andrew90,West Tracyport,51,Male,2020-07-11,2726,4998,296,2024-05-22 06:38:06,Image,Informational,,#travel,337,46,103,299,43,Comment,2024-09-28 17:40:38,
81,andrew90,West Tracyport,51,Male,2020-07-11,2726,4998,296,2024-05-22 06:38:06,Image,Informational,,#travel,337,46,103,300,3,Like,2024-10-22 19:35:34,Road hundred green region area out.
38,vperry,Jefferyburgh,45,Other,2021-06-09,8668,216,301,2024-02-15 23:42:16,Text,Carousel,6.0,"#fashion, #food",368,482,35,301,51,Share,2024-06-29 18:47:02,
38,vperry,Jefferyburgh,45,Other,2021-06-09,8668,216,301,2024-02-15 23:42:16,Text,Carousel,6.0,"#fashion, #food",368,482,35,302,1,Share,2024-11-19 18:01:46,
38,vperry,Jefferyburgh,45,Other,2021-06-09,8668,216,301,2024-02-15 23:42:16,Text,Carousel,6.0,"#fashion, #food",368,482,35,303,2,Share,2024-10-09 16:34:50,National back both source grow feeling total house.
38,vperry,Jefferyburgh,45,Other,2021-06-09,8668,216,301,2024-02-15 23:42:16,Text,Carousel,6.0,"#fashion, #food",368,482,35,304,15,Like,2024-10-12 15:38:12,
38,vperry,Jefferyburgh,45,Other,2021-06-09,8668,216,301,2024-02-15 23:42:16,Text,Carousel,6.0,"#fashion, #food",368,482,35,305,10,Like,2024-09-27 08:03:51,
66,wisedonald,Christyland,24,Other,2023-05-07,9357,3165,306,2024-10-11 21:38:45,Video,Carousel,2.0,#travel,250,26,19,306,16,Like,2024-11-11 12:03:00,
66,wisedonald,Christyland,24,Other,2023-05-07,9357,3165,306,2024-10-11 21:38:45,Video,Carousel,2.0,#travel,250,26,19,307,40,Share,2024-11-14 20:11:48,
66,wisedonald,Christyland,24,Other,2023-05-07,9357,3165,306,2024-10-11 21:38:45,Video,Carousel,2.0,#travel,250,26,19,308,47,Like,2024-12-13 03:34:18,Commercial high exactly law throw.
66,wisedonald,Christyland,24,Other,2023-05-07,9357,3165,306,2024-10-11 21:38:45,Video,Carousel,2.0,#travel,250,26,19,309,14,Like,2025-01-05 01:11:09,
66,wisedonald,Christyland,24,Other,2023-05-07,9357,3165,306,2024-10-11 21:38:45,Video,Carousel,2.0,#travel,250,26,19,310,53,Like,2024-12-12 04:28:30,
86,cynthiapeters,Jeannestad,51,Female,2023-01-17,9041,1764,311,2024-10-03 19:57:13,Image,Carousel,5.0,"#tech, #fashion",38,39,20,311,7,Share,2024-12-11 18:06:06,
86,cynthiapeters,Jeannestad,51,Female,2023-01-17,9041,1764,311,2024-10-03 19:57:13,Image,Carousel,5.0,"#tech, #fashion",38,39,20,312,13,Share,2024-10-16 08:36:40,
86,cynthiapeters,Jeannestad,51,Female,2023-01-17,9041,1764,311,2024-10-03 19:57:13,Image,Carousel,5.0,"#tech, #fashion",38,39,20,313,9,Comment,2024-10-07 15:33:54,Forget shoulder and water mean.
86,cynthiapeters,Jeannestad,51,Female,2023-01-17,9041,1764,311,2024-10-03 19:57:13,Image,Carousel,5.0,"#tech, #fashion",38,39,20,314,81,Like,2024-12-28 12:20:22,
86,cynthiapeters,Jeannestad,51,Female,2023-01-17,9041,1764,311,2024-10-03 19:57:13,Image,Carousel,5.0,"#tech, #fashion",38,39,20,315,97,Share,2024-12-07 11:39:33,Red investment fish popular point similar.
10,richardsusan,North Juan,25,Male,2022-01-26,7818,1866,316,2024-01-07 01:33:25,Image,Personal,,"#fitness, #lifestyle",750,399,82,316,85,Comment,2024-08-31 07:08:22,
10,richardsusan,North Juan,25,Male,2022-01-26,7818,1866,316,2024-01-07 01:33:25,Image,Personal,,"#fitness, #lifestyle",750,399,82,317,25,Comment,2024-05-20 06:48:28,Attorney happy eat when answer feel.
10,richardsusan,North Juan,25,Male,2022-01-26,7818,1866,316,2024-01-07 01:33:25,Image,Personal,,"#fitness, #lifestyle",750,399,82,318,7,Share,2024-09-18 22:41:28,
10,richardsusan,North Juan,25,Male,2022-01-26,7818,1866,316,2024-01-07 01:33:25,Image,Personal,,"#fitness, #lifestyle",750,399,82,319,59,Comment,2024-04-27 20:36:26,Cell most under use do should.
10,richardsusan,North Juan,25,Male,2022-01-26,7818,1866,316,2024-01-07 01:33:25,Image,Personal,,"#fitness, #lifestyle",750,399,82,320,8,Comment,2024-02-11 18:05:43,
44,amandamorgan,Andrewsbury,39,Female,2022-12-18,8827,4789,321,2024-05-14 02:52:14,Image,Carousel,10.0,"#fun, #lifestyle, #fitness",656,213,198,321,79,Comment,2024-11-04 12:22:12,
44,amandamorgan,Andrewsbury,39,Female,2022-12-18,8827,4789,321,2024-05-14 02:52:14,Image,Carousel,10.0,"#fun, #lifestyle, #fitness",656,213,198,322,95,Like,2024-05-15 04:18:46,Newspaper life treat hold guy unit ball operation.
44,amandamorgan,Andrewsbury,39,Female,2022-12-18,8827,4789,321,2024-05-14 02:52:14,Image,Carousel,10.0,"#fun, #lifestyle, #fitness",656,213,198,323,11,Comment,2024-08-22 13:37:21,Play man night development how.
44,amandamorgan,Andrewsbury,39,Female,2022-12-18,8827,4789,321,2024-05-14 02:52:14,Image,Carousel,10.0,"#fun, #lifestyle, #fitness",656,213,198,324,34,Share,2024-06-06 13:04:07,Score huge stay entire.
44,amandamorgan,Andrewsbury,39,Female,2022-12-18,8827,4789,321,2024-05-14 02:52:14,Image,Carousel,10.0,"#fun, #lifestyle, #fitness",656,213,198,325,95,Like,2024-12-27 08:58:25,
75,kingrichard,North Steven,27,Female,2021-07-07,2235,2977,326,2024-06-10 21:37:25,Video,Informational,,"#travel, #fashion",354,141,32,326,81,Share,2024-08-18 12:22:38,Sea east camera scene public remember his.
75,kingrichard,North Steven,27,Female,2021-07-07,2235,2977,326,2024-06-10 21:37:25,Video,Informational,,"#travel, #fashion",354,141,32,327,61,Like,2024-07-24 06:27:30,Difference attorney thus specific clearly.
75,kingrichard,North Steven,27,Female,2021-07-07,2235,2977,326,2024-06-10 21:37:25,Video,Informational,,"#travel, #fashion",354,141,32,328,100,Share,2024-09-13 15:21:32,
75,kingrichard,North Steven,27,Female,2021-07-07,2235,2977,326,2024-06-10 21:37:25,Video,Informational,,"#travel, #fashion",354,141,32,329,26,Like,2024-06-27 00:24:20,Race same black appear student debate data.
75,kingrichard,North Steven,27,Female,2021-07-07,2235,2977,326,2024-06-10 21:37:25,Video,Informational,,"#travel, #fashion",354,141,32,330,27,Like,2024-09-19 09:19:48,Could marriage news rest.
2,michael83,South Scott,46,Other,2021-04-23,4503,4965,331,2024-08-04 12:17:14,Text,Personal,,"#travel, #fun, #fashion",271,393,94,331,2,Share,2024-09-09 03:18:56,Miss part artist decide politics tough.
2,michael83,South Scott,46,Other,2021-04-23,4503,4965,331,2024-08-04 12:17:14,Text,Personal,,"#travel, #fun, #fashion",271,393,94,332,32,Like,2024-10-21 21:50:10,
2,michael83,South Scott,46,Other,2021-04-23,4503,4965,331,2024-08-04 12:17:14,Text,Personal,,"#travel, #fun, #fashion",271,393,94,333,32,Like,2024-09-19 11:04:24,
2,michael83,South Scott,46,Other,2021-04-23,4503,4965,331,2024-08-04 12:17:14,Text,Personal,,"#travel, #fun, #fashion",271,393,94,334,92,Comment,2024-10-25 10:21:38,
2,michael83,South Scott,46,Other,2021-04-23,4503,4965,331,2024-08-04 12:17:14,Text,Personal,,"#travel, #fun, #fashion",271,393,94,335,68,Share,2024-12-25 13:32:08,Senior away PM.
63,emmarodriguez,East Angelastad,44,Female,2021-03-29,1242,1131,336,2024-12-28 04:15:08,Video,Promotional,,"#food, #fashion, #fitness",278,41,178,336,99,Like,2024-12-29 15:32:06,
63,emmarodriguez,East Angelastad,44,Female,2021-03-29,1242,1131,336,2024-12-28 04:15:08,Video,Promotional,,"#food, #fashion, #fitness",278,41,178,337,76,Like,2025-01-02 11:03:52,
63,emmarodriguez,East Angelastad,44,Female,2021-03-29,1242,1131,336,2024-12-28 04:15:08,Video,Promotional,,"#food, #fashion, #fitness",278,41,178,338,77,Share,2024-12-30 04:38:57,Give cup similar likely drug place coach our.
63,emmarodriguez,East Angelastad,44,Female,2021-03-29,1242,1131,336,2024-12-28 04:15:08,Video,Promotional,,"#food, #fashion, #fitness",278,41,178,339,64,Share,2024-12-30 10:00:17,
63,emmarodriguez,East Angelastad,44,Female,2021-03-29,1242,1131,336,2024-12-28 04:15:08,Video,Promotional,,"#food, #fashion, #fitness",278,41,178,340,15,Share,2024-12-29 16:12:11,Assume begin peace popular compare there.
76,sean33,North Blake,31,Female,2022-03-29,4929,801,341,2024-12-25 08:53:31,Text,Informational,,#fitness,695,23,0,341,24,Comment,2025-01-04 12:54:47,Mother single daughter discuss either economy.
76,sean33,North Blake,31,Female,2022-03-29,4929,801,341,2024-12-25 08:53:31,Text,Informational,,#fitness,695,23,0,342,27,Comment,2024-12-27 12:49:27,
76,sean33,North Blake,31,Female,2022-03-29,4929,801,341,2024-12-25 08:53:31,Text,Informational,,#fitness,695,23,0,343,84,Share,2025-01-04 16:40:21,
76,sean33,North Blake,31,Female,2022-03-29,4929,801,341,2024-12-25 08:53:31,Text,Informational,,#fitness,695,23,0,344,13,Comment,2025-01-04 22:58:22,
76,sean33,North Blake,31,Female,2022-03-29,4929,801,341,2024-12-25 08:53:31,Text,Informational,,#fitness,695,23,0,345,23,Like,2025-01-03 21:55:37,
58,swright,South Brenda,50,Female,2022-09-30,5310,3825,346,2024-11-10 19:34:21,Image,Personal,,"#tech, #fitness, #fun",780,242,189,346,45,Share,2024-11-11 22:48:52,
58,swright,South Brenda,50,Female,2022-09-30,5310,3825,346,2024-11-10 19:34:21,Image,Personal,,"#tech, #fitness, #fun",780,242,189,347,1,Like,2024-12-16 18:19:40,
58,swright,South Brenda,50,Female,2022-09-30,5310,3825,346,2024-11-10 19:34:21,Image,Personal,,"#tech, #fitness, #fun",780,242,189,348,89,Like,2024-11-28 22:54:45,Stand cut fire relate it with.
58,swright,South Brenda,50,Female,2022-09-30,5310,3825,346,2024-11-10 19:34:21,Image,Personal,,"#tech, #fitness, #fun",780,242,189,349,21,Comment,2024-12-15 11:55:41,Also become present public.
58,swright,South Brenda,50,Female,2022-09-30,5310,3825,346,2024-11-10 19:34:21,Image,Personal,,"#tech, #fitness, #fun",780,242,189,350,94,Share,2024-11-12 11:18:32,Forget somebody special brother.
22,christina08,Lake Juanburgh,49,Male,2024-07-06,1578,1923,351,2024-09-27 07:37:47,Text,Informational,,"#fun, #fitness",685,97,176,351,53,Comment,2024-09-30 10:53:12,
22,christina08,Lake Juanburgh,49,Male,2024-07-06,1578,1923,351,2024-09-27 07:37:47,Text,Informational,,"#fun, #fitness",685,97,176,352,37,Share,2024-11-19 06:16:58,
22,christina08,Lake Juanburgh,49,Male,2024-07-06,1578,1923,351,2024-09-27 07:37:47,Text,Informational,,"#fun, #fitness",685,97,176,353,29,Comment,2024-10-13 19:08:02,
22,christina08,Lake Juanburgh,49,Male,2024-07-06,1578,1923,351,2024-09-27 07:37:47,Text,Informational,,"#fun, #fitness",685,97,176,354,51,Comment,2024-12-09 21:49:59,
22,christina08,Lake Juanburgh,49,Male,2024-07-06,1578,1923,351,2024-09-27 07:37:47,Text,Informational,,"#fun, #fitness",685,97,176,355,51,Like,2024-12-11 03:20:15,
6,parkercharles,North Daniel,22,Female,2023-09-04,4880,3909,356,2024-07-14 06:47:28,Image,Carousel,5.0,#food,12,247,23,356,87,Share,2024-07-23 19:30:54,
6,parkercharles,North Daniel,22,Female,2023-09-04,4880,3909,356,2024-07-14 06:47:28,Image,Carousel,5.0,#food,12,247,23,357,8,Share,2024-12-28 23:37:09,
6,parkercharles,North Daniel,22,Female,2023-09-04,4880,3909,356,2024-07-14 06:47:28,Image,Carousel,5.0,#food,12,247,23,358,5,Comment,2024-10-21 01:24:05,
6,parkercharles,North Daniel,22,Female,2023-09-04,4880,3909,356,2024-07-14 06:47:28,Image,Carousel,5.0,#food,12,247,23,359,1,Like,2024-10-05 01:39:24,
6,parkercharles,North Daniel,22,Female,2023-09-04,4880,3909,356,2024-07-14 06:47:28,Image,Carousel,5.0,#food,12,247,23,360,17,Share,2024-11-16 16:28:23,
28,bblake,Juliemouth,54,Other,2020-09-26,88,4491,361,2024-05-20 16:10:52,Image,Personal,,"#food, #travel",69,458,109,361,72,Share,2024-06-14 19:46:18,
28,bblake,Juliemouth,54,Other,2020-09-26,88,4491,361,2024-05-20 16:10:52,Image,Personal,,"#food, #travel",69,458,109,362,81,Comment,2024-12-20 04:44:02,Stay enough arm majority data case speak.
28,bblake,Juliemouth,54,Other,2020-09-26,88,4491,361,2024-05-20 16:10:52,Image,Personal,,"#food, #travel",69,458,109,363,67,Like,2024-12-18 17:44:44,
28,bblake,Juliemouth,54,Other,2020-09-26,88,4491,361,2024-05-20 16:10:52,Image,Personal,,"#food, #travel",69,458,109,364,87,Share,2024-08-19 04:45:47,Piece station future.
28,bblake,Juliemouth,54,Other,2020-09-26,88,4491,361,2024-05-20 16:10:52,Image,Personal,,"#food, #travel",69,458,109,365,62,Share,2024-12-20 14:33:43,Glass price doctor front nothing.
96,kimberly62,Nicoletown,32,Male,2020-08-26,6620,1030,366,2024-09-25 10:32:53,Video,Personal,,#tech,284,105,63,366,57,Like,2025-01-02 23:52:00,
96,kimberly62,Nicoletown,32,Male,2020-08-26,6620,1030,366,2024-09-25 10:32:53,Video,Personal,,#tech,284,105,63,367,93,Like,2024-11-27 22:44:50,
96,kimberly62,Nicoletown,32,Male,2020-08-26,6620,1030,366,2024-09-25 10:32:53,Video,Personal,,#tech,284,105,63,368,93,Comment,2024-11-02 08:52:59,
96,kimberly62,Nicoletown,32,Male,2020-08-26,6620,1030,366,2024-09-25 10:32:53,Video,Personal,,#tech,284,105,63,369,75,Like,2024-11-14 05:23:17,Recent physical meet Democrat tell physical chance.
96,kimberly62,Nicoletown,32,Male,2020-08-26,6620,1030,366,2024-09-25 10:32:53,Video,Personal,,#tech,284,105,63,370,81,Like,2024-09-29 04:21:40,
16,crystalstephenson,Pagetown,32,Female,2023-01-20,472,167,371,2024-06-07 03:05:37,Video,Personal,,#food,95,412,81,371,100,Comment,2024-12-10 18:52:56,
16,crystalstephenson,Pagetown,32,Female,2023-01-20,472,167,371,2024-06-07 03:05:37,Video,Personal,,#food,95,412,81,372,64,Share,2024-10-10 19:44:37,
16,crystalstephenson,Pagetown,32,Female,2023-01-20,472,167,371,2024-06-07 03:05:37,Video,Personal,,#food,95,412,81,373,7,Comment,2024-08-14 07:19:37,
16,crystalstephenson,Pagetown,32,Female,2023-01-20,472,167,371,2024-06-07 03:05:37,Video,Personal,,#food,95,412,81,374,8,Comment,2024-07-01 18:42:54,
16,crystalstephenson,Pagetown,32,Female,2023-01-20,472,167,371,2024-06-07 03:05:37,Video,Personal,,#food,95,412,81,375,52,Comment,2024-08-10 13:21:32,Discussion specific pass away family.
74,myerskelly,South Sherryburgh,43,Female,2022-05-17,8583,1158,376,2025-01-04 04:24:46,Video,Personal,,"#food, #tech, #fitness",770,467,22,376,41,Comment,2025-01-05 13:43:43,
74,myerskelly,South Sherryburgh,43,Female,2022-05-17,8583,1158,376,2025-01-04 04:24:46,Video,Personal,,"#food, #tech, #fitness",770,467,22,377,86,Like,2025-01-04 21:13:22,
74,myerskelly,South Sherryburgh,43,Female,2022-05-17,8583,1158,376,2025-01-04 04:24:46,Video,Personal,,"#food, #tech, #fitness",770,467,22,378,35,Comment,2025-01-04 13:16:34,
74,myerskelly,South Sherryburgh,43,Female,2022-05-17,8583,1158,376,2025-01-04 04:24:46,Video,Personal,,"#food, #tech, #fitness",770,467,22,379,69,Comment,2025-01-05 05:10:59,Whole off any according get many paper.
74,myerskelly,South Sherryburgh,43,Female,2022-05-17,8583,1158,376,2025-01-04 04:24:46,Video,Personal,,"#food, #tech, #fitness",770,467,22,380,17,Share,2025-01-04 19:08:09,
70,qturner,Jonathanville,25,Female,2022-06-21,5750,2571,381,2024-01-18 06:36:51,Text,Informational,,#fun,911,220,198,381,42,Share,2024-04-11 21:29:54,
70,qturner,Jonathanville,25,Female,2022-06-21,5750,2571,381,2024-01-18 06:36:51,Text,Informational,,#fun,911,220,198,382,36,Share,2024-04-17 08:36:45,
70,qturner,Jonathanville,25,Female,2022-06-21,5750,2571,381,2024-01-18 06:36:51,Text,Informational,,#fun,911,220,198,383,78,Share,2024-02-18 14:39:24,
70,qturner,Jonathanville,25,Female,2022-06-21,5750,2571,381,2024-01-18 06:36:51,Text,Informational,,#fun,911,220,198,384,67,Like,2024-03-28 23:41:39,
70,qturner,Jonathanville,25,Female,2022-06-21,5750,2571,381,2024-01-18 06:36:51,Text,Informational,,#fun,911,220,198,385,95,Like,2024-09-24 14:39:20,
77,reneejohnson,South Jenniferfurt,39,Female,2021-11-16,4513,3241,386,2024-12-07 18:57:53,Image,Personal,,#fitness,53,276,199,386,53,Like,2024-12-08 01:12:25,
77,reneejohnson,South Jenniferfurt,39,Female,2021-11-16,4513,3241,386,2024-12-07 18:57:53,Image,Personal,,#fitness,53,276,199,387,44,Share,2024-12-31 12:20:34,
77,reneejohnson,South Jenniferfurt,39,Female,2021-11-16,4513,3241,386,2024-12-07 18:57:53,Image,Personal,,#fitness,53,276,199,388,59,Comment,2024-12-22 08:49:26,
77,reneejohnson,South Jenniferfurt,39,Female,2021-11-16,4513,3241,386,2024-12-07 18:57:53,Image,Personal,,#fitness,53,276,199,389,54,Like,2024-12-27 02:55:17,
77,reneejohnson,South Jenniferfurt,39,Female,2021-11-16,4513,3241,386,2024-12-07 18:57:53,Image,Personal,,#fitness,53,276,199,390,50,Like,2024-12-16 09:15:40,
61,kathleen61,Lauratown,21,Male,2021-06-27,6537,4644,391,2024-08-17 06:47:51,Text,Carousel,4.0,"#fashion, #travel",979,24,175,391,58,Like,2024-09-24 15:06:00,
61,kathleen61,Lauratown,21,Male,2021-06-27,6537,4644,391,2024-08-17 06:47:51,Text,Carousel,4.0,"#fashion, #travel",979,24,175,392,74,Comment,2024-08-21 05:56:33,
61,kathleen61,Lauratown,21,Male,2021-06-27,6537,4644,391,2024-08-17 06:47:51,Text,Carousel,4.0,"#fashion, #travel",979,24,175,393,3,Share,2024-09-18 20:37:43,Natural page husband movement design sit.
61,kathleen61,Lauratown,21,Male,2021-06-27,6537,4644,391,2024-08-17 06:47:51,Text,Carousel,4.0,"#fashion, #travel",979,24,175,394,8,Share,2024-09-27 10:54:40,
61,kathleen61,Lauratown,21,Male,2021-06-27,6537,4644,391,2024-08-17 06:47:51,Text,Carousel,4.0,"#fashion, #travel",979,24,175,395,61,Like,2024-11-01 08:05:58,Main outside film glass early I yes.
65,scott16,Christineport,42,Other,2023-01-04,8248,770,396,2024-11-14 06:24:02,Image,Carousel,3.0,#fun,180,474,13,396,45,Like,2024-12-31 19:28:01,
65,scott16,Christineport,42,Other,2023-01-04,8248,770,396,2024-11-14 06:24:02,Image,Carousel,3.0,#fun,180,474,13,397,9,Like,2024-12-27 03:36:39,
65,scott16,Christineport,42,Other,2023-01-04,8248,770,396,2024-11-14 06:24:02,Image,Carousel,3.0,#fun,180,474,13,398,26,Share,2024-12-25 04:30:07,Congress assume production piece too total leader.
65,scott16,Christineport,42,Other,2023-01-04,8248,770,396,2024-11-14 06:24:02,Image,Carousel,3.0,#fun,180,474,13,399,67,Share,2024-11-29 01:56:38,Color government good central democratic student.
65,scott16,Christineport,42,Other,2023-01-04,8248,770,396,2024-11-14 06:24:02,Image,Carousel,3.0,#fun,180,474,13,400,83,Like,2024-12-16 03:16:47,Change wide with watch begin face.
28,michael40,East Gina,19,Female,2020-12-21,5546,4102,401,2024-01-26 08:18:58,Video,Personal,,"#tech, #lifestyle",640,376,152,401,51,Share,2024-08-19 09:22:43,
28,michael40,East Gina,19,Female,2020-12-21,5546,4102,401,2024-01-26 08:18:58,Video,Personal,,"#tech, #lifestyle",640,376,152,402,88,Share,2024-06-03 19:40:54,Career believe two happen everybody water term.
28,michael40,East Gina,19,Female,2020-12-21,5546,4102,401,2024-01-26 08:18:58,Video,Personal,,"#tech, #lifestyle",640,376,152,403,12,Share,2024-07-17 15:41:39,Never sure yard any travel dark.
28,michael40,East Gina,19,Female,2020-12-21,5546,4102,401,2024-01-26 08:18:58,Video,Personal,,"#tech, #lifestyle",640,376,152,404,2,Share,2024-02-12 04:10:10,
28,michael40,East Gina,19,Female,2020-12-21,5546,4102,401,2024-01-26 08:18:58,Video,Personal,,"#tech, #lifestyle",640,376,152,405,65,Share,2024-06-08 16:00:20,
40,branchscott,Jefferyport,52,Other,2022-05-22,9389,3310,406,2024-08-07 03:18:05,Video,Promotional,,"#fashion, #travel",597,259,41,406,94,Like,2024-10-10 05:08:02,Democrat natural foot picture candidate rest.
40,branchscott,Jefferyport,52,Other,2022-05-22,9389,3310,406,2024-08-07 03:18:05,Video,Promotional,,"#fashion, #travel",597,259,41,407,40,Like,2025-01-03 23:52:35,
40,branchscott,Jefferyport,52,Other,2022-05-22,9389,3310,406,2024-08-07 03:18:05,Video,Promotional,,"#fashion, #travel",597,259,41,408,79,Like,2024-11-21 19:26:17,Prepare base with deal simply store.
40,branchscott,Jefferyport,52,Other,2022-05-22,9389,3310,406,2024-08-07 03:18:05,Video,Promotional,,"#fashion, #travel",597,259,41,409,26,Like,2024-09-14 20:59:47,
40,branchscott,Jefferyport,52,Other,2022-05-22,9389,3310,406,2024-08-07 03:18:05,Video,Promotional,,"#fashion, #travel",597,259,41,410,38,Like,2024-11-28 12:32:43,
13,hayley91,South Taraside,57,Male,2021-05-29,3991,1651,411,2024-04-23 15:19:16,Text,Carousel,3.0,#tech,120,198,46,411,15,Like,2024-08-30 18:12:13,
13,hayley91,South Taraside,57,Male,2021-05-29,3991,1651,411,2024-04-23 15:19:16,Text,Carousel,3.0,#tech,120,198,46,412,27,Comment,2024-10-08 17:39:44,
13,hayley91,South Taraside,57,Male,2021-05-29,3991,1651,411,2024-04-23 15:19:16,Text,Carousel,3.0,#tech,120,198,46,413,37,Like,2024-11-26 07:54:52,Ball current personal attorney free thought.
13,hayley91,South Taraside,57,Male,2021-05-29,3991,1651,411,2024-04-23 15:19:16,Text,Carousel,3.0,#tech,120,198,46,414,41,Share,2024-06-05 09:03:48,
13,hayley91,South Taraside,57,Male,2021-05-29,3991,1651,411,2024-04-23 15:19:16,Text,Carousel,3.0,#tech,120,198,46,415,65,Like,2024-10-15 16:11:58,
7,richardmccall,South Priscillastad,44,Female,2020-12-07,2422,1153,416,2024-10-18 00:57:36,Video,Promotional,,#travel,722,41,147,416,79,Share,2024-12-16 17:53:28,
7,richardmccall,South Priscillastad,44,Female,2020-12-07,2422,1153,416,2024-10-18 00:57:36,Video,Promotional,,#travel,722,41,147,417,82,Comment,2024-12-15 23:37:48,
7,richardmccall,South Priscillastad,44,Female,2020-12-07,2422,1153,416,2024-10-18 00:57:36,Video,Promotional,,#travel,722,41,147,418,25,Comment,2024-12-30 09:52:23,
7,richardmccall,South Priscillastad,44,Female,2020-12-07,2422,1153,416,2024-10-18 00:57:36,Video,Promotional,,#travel,722,41,147,419,64,Comment,2024-10-26 15:21:22,Here nice hospital up size learn four.
7,richardmccall,South Priscillastad,44,Female,2020-12-07,2422,1153,416,2024-10-18 00:57:36,Video,Promotional,,#travel,722,41,147,420,3,Comment,2024-12-22 18:20:49,By blue sport include blue space hotel.
55,heather24,Lisatown,36,Other,2024-03-07,4339,320,421,2024-08-12 05:02:07,Video,Carousel,2.0,"#food, #fun",596,450,39,421,13,Share,2025-01-01 06:02:21,
55,heather24,Lisatown,36,Other,2024-03-07,4339,320,421,2024-08-12 05:02:07,Video,Carousel,2.0,"#food, #fun",596,450,39,422,72,Like,2025-01-01 12:17:30,
55,heather24,Lisatown,36,Other,2024-03-07,4339,320,421,2024-08-12 05:02:07,Video,Carousel,2.0,"#food, #fun",596,450,39,423,80,Like,2024-12-11 03:01:02,
55,heather24,Lisatown,36,Other,2024-03-07,4339,320,421,2024-08-12 05:02:07,Video,Carousel,2.0,"#food, #fun",596,450,39,424,77,Share,2024-12-18 05:36:32,Chair go pretty seem region.
55,heather24,Lisatown,36,Other,2024-03-07,4339,320,421,2024-08-12 05:02:07,Video,Carousel,2.0,"#food, #fun",596,450,39,425,57,Comment,2024-11-03 17:40:01,
91,courtney23,Wallaceton,31,Other,2023-12-03,3601,2549,426,2024-03-19 10:42:07,Video,Carousel,4.0,#fun,498,265,111,426,60,Comment,2024-06-23 00:57:51,
91,courtney23,Wallaceton,31,Other,2023-12-03,3601,2549,426,2024-03-19 10:42:07,Video,Carousel,4.0,#fun,498,265,111,427,89,Comment,2024-08-19 16:59:27,
91,courtney23,Wallaceton,31,Other,2023-12-03,3601,2549,426,2024-03-19 10:42:07,Video,Carousel,4.0,#fun,498,265,111,428,95,Share,2024-04-14 23:47:17,
91,courtney23,Wallaceton,31,Other,2023-12-03,3601,2549,426,2024-03-19 10:42:07,Video,Carousel,4.0,#fun,498,265,111,429,50,Share,2024-04-01 13:39:07,
91,courtney23,Wallaceton,31,Other,2023-12-03,3601,2549,426,2024-03-19 10:42:07,Video,Carousel,4.0,#fun,498,265,111,430,83,Comment,2024-05-10 01:22:56,
40,becknathaniel,West James,37,Female,2021-10-03,9954,3262,431,2024-05-30 17:55:52,Video,Promotional,,#travel,870,79,140,431,55,Like,2024-11-11 23:16:49,Than bank these space defense.
40,becknathaniel,West James,37,Female,2021-10-03,9954,3262,431,2024-05-30 17:55:52,Video,Promotional,,#travel,870,79,140,432,31,Share,2024-09-04 04:23:32,Back development training meet along arm.
40,becknathaniel,West James,37,Female,2021-10-03,9954,3262,431,2024-05-30 17:55:52,Video,Promotional,,#travel,870,79,140,433,75,Like,2025-01-02 17:14:18,
40,becknathaniel,West James,37,Female,2021-10-03,9954,3262,431,2024-05-30 17:55:52,Video,Promotional,,#travel,870,79,140,434,10,Comment,2024-09-29 22:48:50,
40,becknathaniel,West James,37,Female,2021-10-03,9954,3262,431,2024-05-30 17:55:52,Video,Promotional,,#travel,870,79,140,435,62,Comment,2024-06-07 11:33:59,Somebody environment whom point none why.
37,oliverkimberly,North Fredside,34,Male,2020-12-26,8636,2641,436,2024-04-02 17:00:37,Video,Personal,,"#lifestyle, #food",121,338,68,436,80,Share,2024-09-11 15:33:37,Player employee choice.
37,oliverkimberly,North Fredside,34,Male,2020-12-26,8636,2641,436,2024-04-02 17:00:37,Video,Personal,,"#lifestyle, #food",121,338,68,437,10,Like,2024-09-28 11:17:32,
37,oliverkimberly,North Fredside,34,Male,2020-12-26,8636,2641,436,2024-04-02 17:00:37,Video,Personal,,"#lifestyle, #food",121,338,68,438,64,Comment,2024-05-25 03:15:24,Spend wrong him leg.
37,oliverkimberly,North Fredside,34,Male,2020-12-26,8636,2641,436,2024-04-02 17:00:37,Video,Personal,,"#lifestyle, #food",121,338,68,439,83,Share,2024-06-08 19:29:11,
37,oliverkimberly,North Fredside,34,Male,2020-12-26,8636,2641,436,2024-04-02 17:00:37,Video,Personal,,"#lifestyle, #food",121,338,68,440,27,Comment,2024-07-30 00:12:13,
74,shellyvillanueva,Kelleyton,55,Male,2020-10-24,957,2858,441,2024-09-09 20:22:18,Image,Promotional,,"#lifestyle, #tech, #travel",735,203,73,441,9,Like,2024-09-11 10:38:33,
74,shellyvillanueva,Kelleyton,55,Male,2020-10-24,957,2858,441,2024-09-09 20:22:18,Image,Promotional,,"#lifestyle, #tech, #travel",735,203,73,442,73,Comment,2024-12-24 07:27:23,
74,shellyvillanueva,Kelleyton,55,Male,2020-10-24,957,2858,441,2024-09-09 20:22:18,Image,Promotional,,"#lifestyle, #tech, #travel",735,203,73,443,49,Like,2024-11-25 08:25:04,
74,shellyvillanueva,Kelleyton,55,Male,2020-10-24,957,2858,441,2024-09-09 20:22:18,Image,Promotional,,"#lifestyle, #tech, #travel",735,203,73,444,42,Share,2024-12-13 00:47:09,Center wrong its red organization.
74,shellyvillanueva,Kelleyton,55,Male,2020-10-24,957,2858,441,2024-09-09 20:22:18,Image,Promotional,,"#lifestyle, #tech, #travel",735,203,73,445,47,Like,2024-11-23 06:15:48,
16,hscott,East Kristin,57,Female,2022-10-31,8220,3538,446,2024-10-03 12:30:57,Image,Informational,,#lifestyle,414,488,64,446,26,Share,2024-11-10 06:22:28,Run glass central southern in support bad probably.
16,hscott,East Kristin,57,Female,2022-10-31,8220,3538,446,2024-10-03 12:30:57,Image,Informational,,#lifestyle,414,488,64,447,93,Comment,2024-11-13 04:55:38,Paper success tell leave manager argue.
16,hscott,East Kristin,57,Female,2022-10-31,8220,3538,446,2024-10-03 12:30:57,Image,Informational,,#lifestyle,414,488,64,448,93,Share,2024-12-28 04:07:54,
16,hscott,East Kristin,57,Female,2022-10-31,8220,3538,446,2024-10-03 12:30:57,Image,Informational,,#lifestyle,414,488,64,449,4,Comment,2024-10-09 22:45:23,
16,hscott,East Kristin,57,Female,2022-10-31,8220,3538,446,2024-10-03 12:30:57,Image,Informational,,#lifestyle,414,488,64,450,35,Share,2024-10-24 06:31:23,
41,jgriffin,North Paul,48,Male,2020-06-17,4851,4243,451,2024-02-03 00:54:16,Text,Personal,,#fitness,910,256,57,451,94,Like,2024-12-20 06:52:44,Real despite mention head ago computer how.
41,jgriffin,North Paul,48,Male,2020-06-17,4851,4243,451,2024-02-03 00:54:16,Text,Personal,,#fitness,910,256,57,452,29,Comment,2024-03-03 01:34:20,
41,jgriffin,North Paul,48,Male,2020-06-17,4851,4243,451,2024-02-03 00:54:16,Text,Personal,,#fitness,910,256,57,453,24,Like,2024-10-22 11:46:38,
41,jgriffin,North Paul,48,Male,2020-06-17,4851,4243,451,2024-02-03 00:54:16,Text,Personal,,#fitness,910,256,57,454,39,Share,2024-09-11 11:43:57,Name city various money couple job seem.
41,jgriffin,North Paul,48,Male,2020-06-17,4851,4243,451,2024-02-03 00:54:16,Text,Personal,,#fitness,910,256,57,455,63,Like,2024-08-10 08:40:58,
51,tamara91,Melissaville,34,Other,2020-02-26,7725,2893,456,2024-01-14 00:40:43,Video,Personal,,"#fashion, #lifestyle, #food",216,102,188,456,95,Share,2024-12-28 02:17:49,
51,tamara91,Melissaville,34,Other,2020-02-26,7725,2893,456,2024-01-14 00:40:43,Video,Personal,,"#fashion, #lifestyle, #food",216,102,188,457,84,Share,2024-06-24 03:49:39,Strong before base wall program later others.
51,tamara91,Melissaville,34,Other,2020-02-26,7725,2893,456,2024-01-14 00:40:43,Video,Personal,,"#fashion, #lifestyle, #food",216,102,188,458,99,Like,2024-04-27 08:39:36,
51,tamara91,Melissaville,34,Other,2020-02-26,7725,2893,456,2024-01-14 00:40:43,Video,Personal,,"#fashion, #lifestyle, #food",216,102,188,459,74,Like,2024-01-14 20:34:05,Politics war green chance himself.
51,tamara91,Melissaville,34,Other,2020-02-26,7725,2893,456,2024-01-14 00:40:43,Video,Personal,,"#fashion, #lifestyle, #food",216,102,188,460,93,Like,2024-02-10 23:26:43,
24,victoria64,Lake Amandabury,51,Female,2024-04-15,8283,4563,461,2024-06-22 21:46:21,Text,Personal,,"#fitness, #fashion",267,215,144,461,17,Comment,2024-08-06 07:04:02,
24,victoria64,Lake Amandabury,51,Female,2024-04-15,8283,4563,461,2024-06-22 21:46:21,Text,Personal,,"#fitness, #fashion",267,215,144,462,39,Comment,2024-10-01 15:48:58,
24,victoria64,Lake Amandabury,51,Female,2024-04-15,8283,4563,461,2024-06-22 21:46:21,Text,Personal,,"#fitness, #fashion",267,215,144,463,72,Like,2024-09-25 05:43:49,
24,victoria64,Lake Amandabury,51,Female,2024-04-15,8283,4563,461,2024-06-22 21:46:21,Text,Personal,,"#fitness, #fashion",267,215,144,464,34,Comment,2024-07-07 07:57:49,
24,victoria64,Lake Amandabury,51,Female,2024-04-15,8283,4563,461,2024-06-22 21:46:21,Text,Personal,,"#fitness, #fashion",267,215,144,465,80,Like,2024-11-01 17:37:41,
51,hannahwatts,South Ralph,45,Male,2020-10-13,5683,2983,466,2024-10-06 06:05:42,Image,Informational,,#fashion,786,311,22,466,4,Share,2024-10-13 02:51:42,Member again response build mind bill investment and.
51,hannahwatts,South Ralph,45,Male,2020-10-13,5683,2983,466,2024-10-06 06:05:42,Image,Informational,,#fashion,786,311,22,467,82,Like,2024-12-02 11:03:34,
51,hannahwatts,South Ralph,45,Male,2020-10-13,5683,2983,466,2024-10-06 06:05:42,Image,Informational,,#fashion,786,311,22,468,64,Like,2024-12-28 20:49:50,
51,hannahwatts,South Ralph,45,Male,2020-10-13,5683,2983,466,2024-10-06 06:05:42,Image,Informational,,#fashion,786,311,22,469,90,Share,2024-11-12 14:08:54,
51,hannahwatts,South Ralph,45,Male,2020-10-13,5683,2983,466,2024-10-06 06:05:42,Image,Informational,,#fashion,786,311,22,470,92,Comment,2024-11-23 21:48:16,
32,haletara,West Theresa,31,Female,2020-11-16,7124,4130,471,2024-01-22 20:48:49,Video,Promotional,,#food,182,166,112,471,40,Comment,2024-06-11 15:08:57,Investment well democratic anyone.
32,haletara,West Theresa,31,Female,2020-11-16,7124,4130,471,2024-01-22 20:48:49,Video,Promotional,,#food,182,166,112,472,59,Share,2024-05-25 17:52:36,Ready parent son beautiful stop life live.
32,haletara,West Theresa,31,Female,2020-11-16,7124,4130,471,2024-01-22 20:48:49,Video,Promotional,,#food,182,166,112,473,85,Comment,2024-08-01 10:35:47,
32,haletara,West Theresa,31,Female,2020-11-16,7124,4130,471,2024-01-22 20:48:49,Video,Promotional,,#food,182,166,112,474,42,Comment,2024-11-02 01:34:30,
32,haletara,West Theresa,31,Female,2020-11-16,7124,4130,471,2024-01-22 20:48:49,Video,Promotional,,#food,182,166,112,475,48,Share,2024-10-28 11:34:36,Personal safe it.
25,rebecca42,Gomezland,53,Male,2021-04-04,4646,2281,476,2024-08-17 01:19:01,Text,Informational,,"#lifestyle, #fun",508,105,85,476,80,Comment,2024-10-17 07:06:37,
25,rebecca42,Gomezland,53,Male,2021-04-04,4646,2281,476,2024-08-17 01:19:01,Text,Informational,,"#lifestyle, #fun",508,105,85,477,89,Comment,2024-10-06 16:26:27,
25,rebecca42,Gomezland,53,Male,2021-04-04,4646,2281,476,2024-08-17 01:19:01,Text,Informational,,"#lifestyle, #fun",508,105,85,478,4,Comment,2024-12-06 19:51:33,Down already each without.
25,rebecca42,Gomezland,53,Male,2021-04-04,4646,2281,476,2024-08-17 01:19:01,Text,Informational,,"#lifestyle, #fun",508,105,85,479,58,Like,2024-08-31 16:49:29,Behavior really better situation year heart itself.
25,rebecca42,Gomezland,53,Male,2021-04-04,4646,2281,476,2024-08-17 01:19:01,Text,Informational,,"#lifestyle, #fun",508,105,85,480,23,Share,2024-10-04 13:41:44,Ready these ability pattern his.
63,jesse95,West Jessicaberg,54,Female,2020-08-12,1225,3942,481,2024-06-21 21:56:03,Image,Informational,,"#food, #fun, #fashion",549,363,0,481,44,Share,2024-09-11 21:47:23,
63,jesse95,West Jessicaberg,54,Female,2020-08-12,1225,3942,481,2024-06-21 21:56:03,Image,Informational,,"#food, #fun, #fashion",549,363,0,482,26,Comment,2024-09-13 05:19:28,
63,jesse95,West Jessicaberg,54,Female,2020-08-12,1225,3942,481,2024-06-21 21:56:03,Image,Informational,,"#food, #fun, #fashion",549,363,0,483,46,Comment,2024-08-09 13:39:52,Analysis especially measure sell career scientist.
63,jesse95,West Jessicaberg,54,Female,2020-08-12,1225,3942,481,2024-06-21 21:56:03,Image,Informational,,"#food, #fun, #fashion",549,363,0,484,64,Comment,2024-08-20 06:41:43,Woman drop he practice specific for financial.
63,jesse95,West Jessicaberg,54,Female,2020-08-12,1225,3942,481,2024-06-21 21:56:03,Image,Informational,,"#food, #fun, #fashion",549,363,0,485,82,Comment,2024-08-19 23:44:57,
82,aguilarmelinda,Lake Margaretbury,52,Other,2023-12-12,2617,3226,486,2024-10-15 07:12:27,Text,Informational,,"#fun, #food, #lifestyle",81,336,97,486,100,Comment,2024-12-22 18:18:19,Everybody shake forget experience again democratic attorney.
82,aguilarmelinda,Lake Margaretbury,52,Other,2023-12-12,2617,3226,486,2024-10-15 07:12:27,Text,Informational,,"#fun, #food, #lifestyle",81,336,97,487,4,Comment,2024-10-17 03:22:20,
82,aguilarmelinda,Lake Margaretbury,52,Other,2023-12-12,2617,3226,486,2024-10-15 07:12:27,Text,Informational,,"#fun, #food, #lifestyle",81,336,97,488,60,Comment,2024-11-12 19:34:50,
82,aguilarmelinda,Lake Margaretbury,52,Other,2023-12-12,2617,3226,486,2024-10-15 07:12:27,Text,Informational,,"#fun, #food, #lifestyle",81,336,97,489,1,Comment,2024-11-21 15:51:54,
82,aguilarmelinda,Lake Margaretbury,52,Other,2023-12-12,2617,3226,486,2024-10-15 07:12:27,Text,Informational,,"#fun, #food, #lifestyle",81,336,97,490,50,Comment,2024-12-18 15:36:52,
38,thomasanderson,New Joville,23,Other,2024-10-25,1704,3014,491,2024-04-06 08:44:28,Text,Personal,,"#lifestyle, #food",89,433,141,491,25,Share,2024-11-26 21:08:58,Great task south decision why.
38,thomasanderson,New Joville,23,Other,2024-10-25,1704,3014,491,2024-04-06 08:44:28,Text,Personal,,"#lifestyle, #food",89,433,141,492,56,Comment,2024-11-27 07:02:10,
38,thomasanderson,New Joville,23,Other,2024-10-25,1704,3014,491,2024-04-06 08:44:28,Text,Personal,,"#lifestyle, #food",89,433,141,493,19,Comment,2024-06-18 23:22:28,Garden chair down by town serious check like.
38,thomasanderson,New Joville,23,Other,2024-10-25,1704,3014,491,2024-04-06 08:44:28,Text,Personal,,"#lifestyle, #food",89,433,141,494,81,Share,2024-12-29 16:10:35,
38,thomasanderson,New Joville,23,Other,2024-10-25,1704,3014,491,2024-04-06 08:44:28,Text,Personal,,"#lifestyle, #food",89,433,141,495,58,Like,2024-11-26 02:33:23,Hear deep treatment weight prepare game system.
25,allenapril,West Nancyview,55,Female,2023-10-16,1684,4611,496,2024-04-24 05:07:25,Image,Carousel,7.0,#tech,226,418,45,496,3,Share,2024-05-20 14:27:31,
25,allenapril,West Nancyview,55,Female,2023-10-16,1684,4611,496,2024-04-24 05:07:25,Image,Carousel,7.0,#tech,226,418,45,497,22,Comment,2024-09-04 02:00:24,Place window local television last say prepare.
25,allenapril,West Nancyview,55,Female,2023-10-16,1684,4611,496,2024-04-24 05:07:25,Image,Carousel,7.0,#tech,226,418,45,498,71,Share,2024-05-04 22:07:03,
25,allenapril,West Nancyview,55,Female,2023-10-16,1684,4611,496,2024-04-24 05:07:25,Image,Carousel,7.0,#tech,226,418,45,499,14,Comment,2024-05-24 01:17:07,
25,allenapril,West Nancyview,55,Female,2023-10-16,1684,4611,496,2024-04-24 05:07:25,Image,Carousel,7.0,#tech,226,418,45,500,74,Like,2024-11-22 07:05:13,
